date,portfolio_value
2018-01-02,0.0
2018-01-03,0.0
2018-01-04,0.0
2018-01-05,0.0
2018-01-08,0.0
2018-01-09,0.0
2018-01-10,0.0
2018-01-11,0.0
2018-01-12,0.0
2018-01-16,0.0
2018-01-17,0.0
2018-01-18,0.0
2018-01-19,0.0
2018-01-22,0.0
2018-01-23,0.0
2018-01-24,0.0
2018-01-25,0.0
2018-01-26,0.0
2018-01-29,0.0
2018-01-30,0.0
2018-01-31,0.0
2018-02-01,0.0
2018-02-02,0.0
2018-02-05,0.0
2018-02-06,0.0
2018-02-07,0.0
2018-02-08,0.0
2018-02-09,0.0
2018-02-12,0.0
2018-02-13,0.0
2018-02-14,0.0
2018-02-15,0.0
2018-02-16,0.0
2018-02-20,0.0
2018-02-21,0.0
2018-02-22,0.0
2018-02-23,0.0
2018-02-26,0.0
2018-02-27,0.0
2018-02-28,0.0
2018-03-01,0.0
2018-03-02,0.0
2018-03-05,0.0
2018-03-06,0.0
2018-03-07,0.0
2018-03-08,0.0
2018-03-09,0.0
2018-03-12,0.0
2018-03-13,0.0
2018-03-14,0.0
2018-03-15,0.0
2018-03-16,0.0
2018-03-19,0.0
2018-03-20,0.0
2018-03-21,0.0
2018-03-22,0.0
2018-03-23,0.0
2018-03-26,0.0
2018-03-27,0.0
2018-03-28,0.0
2018-03-29,0.0
2018-04-02,0.0
2018-04-03,0.0
2018-04-04,0.0
2018-04-05,0.0
2018-04-06,0.0
2018-04-09,0.0
2018-04-10,0.0
2018-04-11,0.0
2018-04-12,0.0
2018-04-13,0.0
2018-04-16,0.0
2018-04-17,0.0
2018-04-18,0.0
2018-04-19,0.0
2018-04-20,0.0
2018-04-23,0.0
2018-04-24,0.0
2018-04-25,0.0
2018-04-26,0.0
2018-04-27,0.0
2018-04-30,0.0
2018-05-01,0.0
2018-05-02,0.0
2018-05-03,0.0
2018-05-04,0.0
2018-05-07,0.0
2018-05-08,0.0
2018-05-09,0.0
2018-05-10,0.0
2018-05-11,0.0
2018-05-14,0.0
2018-05-15,0.0
2018-05-16,0.0
2018-05-17,0.0
2018-05-18,0.0
2018-05-21,0.0
2018-05-22,0.0
2018-05-23,0.0
2018-05-24,0.0
2018-05-25,0.0
2018-05-29,0.0
2018-05-30,0.0
2018-05-31,0.0
2018-06-01,0.0
2018-06-04,0.0
2018-06-05,0.0
2018-06-06,0.0
2018-06-07,0.0
2018-06-08,0.0
2018-06-11,0.0
2018-06-12,0.0
2018-06-13,0.0
2018-06-14,0.0
2018-06-15,0.0
2018-06-18,0.0
2018-06-19,0.0
2018-06-20,0.0
2018-06-21,0.0
2018-06-22,0.0
2018-06-25,0.0
2018-06-26,0.0
2018-06-27,0.0
2018-06-28,0.0
2018-06-29,0.0
2018-07-02,0.0
2018-07-03,0.0
2018-07-05,0.0
2018-07-06,0.0
2018-07-09,0.0
2018-07-10,0.0
2018-07-11,0.0
2018-07-12,0.0
2018-07-13,0.0
2018-07-16,0.0
2018-07-17,0.0
2018-07-18,0.0
2018-07-19,0.0
2018-07-20,0.0
2018-07-23,0.0
2018-07-24,0.0
2018-07-25,0.0
2018-07-26,0.0
2018-07-27,0.0
2018-07-30,0.0
2018-07-31,0.0
2018-08-01,0.0
2018-08-02,0.0
2018-08-03,0.0
2018-08-06,0.0
2018-08-07,0.0
2018-08-08,0.0
2018-08-09,0.0
2018-08-10,0.0
2018-08-13,0.0
2018-08-14,0.0
2018-08-15,0.0
2018-08-16,0.0
2018-08-17,0.0
2018-08-20,0.0
2018-08-21,0.0
2018-08-22,0.0
2018-08-23,0.0
2018-08-24,0.0
2018-08-27,0.0
2018-08-28,0.0
2018-08-29,0.0
2018-08-30,0.0
2018-08-31,0.0
2018-09-04,0.0
2018-09-05,0.0
2018-09-06,0.0
2018-09-07,0.0
2018-09-10,0.0
2018-09-11,0.0
2018-09-12,0.0
2018-09-13,0.0
2018-09-14,0.0
2018-09-17,0.0
2018-09-18,0.0
2018-09-19,0.0
2018-09-20,0.0
2018-09-21,0.0
2018-09-24,0.0
2018-09-25,0.0
2018-09-26,0.0
2018-09-27,0.0
2018-09-28,0.0
2018-10-01,0.0
2018-10-02,0.0
2018-10-03,0.0
2018-10-04,0.0
2018-10-05,0.0
2018-10-08,0.0
2018-10-09,0.0
2018-10-10,0.0
2018-10-11,0.0
2018-10-12,0.0
2018-10-15,0.0
2018-10-16,0.0
2018-10-17,0.0
2018-10-18,0.0
2018-10-19,0.0
2018-10-22,0.0
2018-10-23,0.0
2018-10-24,0.0
2018-10-25,0.0
2018-10-26,0.0
2018-10-29,0.0
2018-10-30,0.0
2018-10-31,0.0
2018-11-01,0.0
2018-11-02,0.0
2018-11-05,0.0
2018-11-06,0.0
2018-11-07,0.0
2018-11-08,0.0
2018-11-09,0.0
2018-11-12,0.0
2018-11-13,0.0
2018-11-14,0.0
2018-11-15,0.0
2018-11-16,0.0
2018-11-19,0.0
2018-11-20,0.0
2018-11-21,0.0
2018-11-23,0.0
2018-11-26,0.0
2018-11-27,0.0
2018-11-28,0.0
2018-11-29,0.0
2018-11-30,0.0
2018-12-03,0.0
2018-12-04,0.0
2018-12-06,0.0
2018-12-07,0.0
2018-12-10,0.0
2018-12-11,0.0
2018-12-12,0.0
2018-12-13,0.0
2018-12-14,0.0
2018-12-17,0.0
2018-12-18,0.0
2018-12-19,0.0
2018-12-20,0.0
2018-12-21,0.0
2018-12-24,0.0
2018-12-26,0.0
2018-12-27,0.0
2018-12-28,0.0
2018-12-31,0.0
2019-01-02,0.0
2019-01-03,-0.010313929844797842
2019-01-04,0.024965208377351056
2019-01-07,0.008960787173764695
2019-01-08,0.013592481742768836
2019-01-09,0.006596392968206244
2019-01-10,0.005483511127874596
2019-01-11,1.6076401126996487e-05
2019-01-14,-0.005968329710731468
2019-01-15,0.008681352139211285
2019-01-16,0.005714179978085099
2019-01-17,0.005922974716267904
2019-01-18,0.009870291860766711
2019-01-22,-0.009838847924387717
2019-01-23,0.0015322927772711825
2019-01-24,0.0022690053440195257
2019-01-25,0.009478879218659975
2019-01-28,-0.004420633361138071
2019-01-29,0.003843922738400396
2019-01-30,0.0121479666547184
2019-01-31,0.004322123012566514
2019-02-01,0.000525541338753932
2019-02-04,0.0036033914915281073
2019-02-05,0.002740108328903368
2019-02-06,-0.0004187913868195503
2019-02-07,-0.005183223716756613
2019-02-08,0.000825644940345649
2019-02-11,-0.002072993806353063
2019-02-12,0.007633216577569879
2019-02-13,0.0031681033128267977
2019-02-14,0.0006910154368853227
2019-02-15,0.01235951558462478
2019-02-19,0.0016921772445865901
2019-02-20,0.001150935747032067
2019-02-21,-0.0026493282567808807
2019-02-22,0.005302428102346601
2019-02-25,-0.0036285721958887462
2019-02-26,0.001161762646272546
2019-02-27,-0.0017893662168133595
2019-02-28,-0.002159909928039383
2019-03-01,-0.0017864643715765904
2019-03-04,-0.0006750676997893112
2019-03-05,0.0012746609846705503
2019-03-06,-0.0039937834289693885
2019-03-07,-0.005897025880144735
2019-03-08,0.0001439818273203386
2019-03-11,0.009971299122504496
2019-03-12,0.004368952375819024
2019-03-13,0.00600787248995327
2019-03-14,-0.0017358266900365793
2019-03-15,0.004027632611513621
2019-03-18,0.00124430272043341
2019-03-19,0.0008368976300301423
2019-03-20,0.004423928793267917
2019-03-21,0.00659764009999253
2019-03-22,-0.011391817040138807
2019-03-25,0.0012463906787643086
2019-03-26,0.00439650713674955
2019-03-27,-0.0026637028667465534
2019-03-28,0.0018783140638582996
2019-03-29,0.0023810734493834307
2019-04-01,0.006559837372306143
2019-04-02,0.0033658714980258075
2019-04-03,0.002134040400838977
2019-04-04,0.0020300032033422344
2019-04-05,0.00419417618623652
2019-04-08,0.0006504853082556217
2019-04-09,-0.0044912623387403094
2019-04-10,0.005217424160378625
2019-04-11,-0.0019946164027602187
2019-04-12,0.005722686372421348
2019-04-15,-0.0011202893983403017
2019-04-16,-0.0004906296318238912
2019-04-17,-0.0014154803318869869
2019-04-18,0.0026517241305112904
2019-04-22,0.0009975179801340328
2019-04-23,0.00795314192320351
2019-04-24,-0.0020364352801777175
2019-04-25,-0.0009216497401386414
2019-04-26,7.883245522521953e-05
2019-04-29,0.000713364537671346
2019-04-30,-0.0004987811654041385
2019-05-01,-0.0048045708984868485
2019-05-02,-0.004815597033714147
2019-05-03,0.00918321793824628
2019-05-06,0.00010631112593473269
2019-05-07,-0.009618792092481288
2019-05-08,-0.0009392178925853312
2019-05-09,-0.0009705366751120437
2019-05-10,0.0038203135609022887
2019-05-13,-0.006278250760378357
2019-05-14,0.005891854123539764
2019-05-15,0.006298645217934329
2019-05-16,0.0036313905034357497
2019-05-17,-0.0035926609890597483
2019-05-20,-0.0031287405278774827
2019-05-21,0.0036650250091689873
2019-05-22,-0.0028594386792998305
2019-05-23,-0.004950658389008766
2019-05-24,0.005642756092074874
2019-05-28,-0.0009967153509253812
2019-05-29,-0.005103790770164318
2019-05-30,0.0012660793678420657
2019-05-31,-0.006080542583366544
2019-06-03,0.0018886398452442332
2019-06-04,0.0037080783726826105
2019-06-05,-0.0014468867877737157
2019-06-06,0.009061511069820227
2019-06-07,0.00864554486738367
2019-06-10,0.00022918355645695776
2019-06-11,0.0016892116371287624
2019-06-12,-0.004538935812758438
2019-06-13,0.006283137169063924
2019-06-14,0.0008468355907318426
2019-06-17,-0.00017051382841482
2019-06-18,0.01094346463713558
2019-06-19,0.0008045191647969574
2019-06-20,0.010907102473705743
2019-06-21,-0.0021678120543691115
2019-06-24,0.0022505207275578254
2019-06-25,-0.00400309723060055
2019-06-26,0.0001029779728587421
2019-06-27,0.0023704125257599795
2019-06-28,-0.0007667797320238812
2019-07-01,0.0036189323244784077
2019-07-02,-0.001155815790869541
2019-07-03,0.00800753995599468
2019-07-05,-0.001688392048015297
2019-07-08,-0.001947097832031619
2019-07-09,0.0021351446432138488
2019-07-10,0.008883687731571221
2019-07-11,-0.0013960679345194071
2019-07-12,0.0037962676380418614
2019-07-15,-0.0018175061948333404
2019-07-16,-0.004448987380228475
2019-07-17,-0.004691659155831918
2019-07-18,-0.0012593399612014222
2019-07-19,-0.0045255058552439165
2019-07-22,0.0005652316098596621
2019-07-23,0.007000427149093991
2019-07-24,-1.3606746766758882e-05
2019-07-25,-0.0053682941313267785
2019-07-26,0.0038949139036064118
2019-07-29,0.0012258012099970461
2019-07-30,0.0024179601034299836
2019-07-31,-0.00797898157393484
2019-08-01,-0.009711568453809827
2019-08-02,-0.0015909761296960534
2019-08-05,-0.02202957134898098
2019-08-06,0.00823908972616949
2019-08-07,-0.001538356329629731
2019-08-08,0.014197121599954787
2019-08-09,-0.0016625431578426442
2019-08-12,-0.009113141638209754
2019-08-13,0.015860364627602097
2019-08-14,-0.022685370849990116
2019-08-15,0.0012055963623287536
2019-08-16,0.009075392302535512
2019-08-19,0.00842133268865597
2019-08-20,-0.003918286407326055
2019-08-21,0.006226770705190177
2019-08-22,-0.0009505030763722333
2019-08-23,-0.01840435021026754
2019-08-26,0.007587560065172916
2019-08-27,-0.0003902305866247957
2019-08-28,0.007222167537140445
2019-08-29,0.009515641896856053
2019-08-30,-0.0040588687024157855
2019-09-03,-0.005458874076601172
2019-09-04,0.012244561753667504
2019-09-05,0.0031151957845894085
2019-09-06,0.0028828305058754555
2019-09-09,-0.00032144580582482707
2019-09-10,-0.002657301641512899
2019-09-11,0.0020197827301711158
2019-09-12,-0.00024153009753125065
2019-09-13,-0.003947791353280716
2019-09-16,0.011366745279943524
2019-09-17,-0.002198613482192191
2019-09-18,-0.0005610865072532834
2019-09-19,0.0015669769018682445
2019-09-20,-5.641513708565249e-05
2019-09-23,0.0006575944706543879
2019-09-24,-0.004295780424615092
2019-09-25,-0.000991788800350668
2019-09-26,0.0004563491724118851
2019-09-27,-0.0031049352646366213
2019-09-30,0.0004135529104312141
2019-10-01,-0.006785555670321575
2019-10-02,-0.011454383308060812
2019-10-03,0.005512518785741216
2019-10-04,0.011243884708927787
2019-10-07,-0.002704981552503316
2019-10-08,-0.010070778961418059
2019-10-09,0.006911648150869976
2019-10-10,0.006459176455942961
2019-10-11,0.012878462513102429
2019-10-14,-0.0023088620191052955
2019-10-15,0.0077594657483848195
2019-10-16,-6.473385080230099e-05
2019-10-17,0.0024475284046001633
2019-10-18,-0.004445178540532835
2019-10-21,0.0038172448045579177
2019-10-22,-0.00209855294876371
2019-10-23,0.004847889723462062
2019-10-24,0.0024227345659666444
2019-10-25,0.004406305079818873
2019-10-28,0.003542822461682915
2019-10-29,-0.0011816086846777596
2019-10-30,0.0019293492217034025
2019-10-31,-0.0031738614599547965
2019-11-01,0.009077884467857844
2019-11-04,0.002377403785109644
2019-11-05,-0.0020831684786030147
2019-11-06,-0.0018554782815088933
2019-11-07,0.00021000658036429698
2019-11-08,0.0007319712694702218
2019-11-11,-0.001383509567183916
2019-11-12,0.000830479544605689
2019-11-13,0.00223054484434404
2019-11-14,0.0008352439378436216
2019-11-15,0.00586614931103302
2019-11-18,-0.0007672295831906428
2019-11-19,-0.001348691237014199
2019-11-20,0.0004791119826124124
2019-11-21,-0.0012668471750467702
2019-11-22,0.0012008972655510597
2019-11-25,0.006100372803994558
2019-11-26,0.0038246427729586863
2019-11-27,0.001561480417034078
2019-11-29,-0.007288268096792616
2019-12-02,-0.008549237506406127
2019-12-03,-0.0038531158127481646
2019-12-04,0.007652633396109554
2019-12-05,0.001411420671082908
2019-12-06,0.00836307014042248
2019-12-09,-0.002287971680770773
2019-12-10,-0.00014923193656257716
2019-12-11,-0.00031633638499040106
2019-12-12,0.0055861309715399265
2019-12-13,0.002239808010867206
2019-12-16,0.00612365962461725
2019-12-17,0.0005035333711240764
2019-12-18,0.0011633949224290063
2019-12-19,0.004954607808125511
2019-12-20,0.0026728428252360548
2019-12-23,0.0010127084949258514
2019-12-24,0.0012074184357342421
2019-12-26,0.005755757927634386
2019-12-27,0.0008670552911844709
2019-12-30,-0.004248171057810279
2019-12-31,0.00034531839972906653
2020-01-02,0.006976545385908306
2020-01-03,0.002514113576171484
2020-01-06,0.0006677025049244278
2020-01-07,-0.004133607455242605
2020-01-08,-0.0007561423356570174
2020-01-09,0.003668446379170298
2020-01-10,0.001375714092139546
2020-01-13,0.0021994262977313994
2020-01-14,0.001116708592348692
2020-01-15,0.0032622705400522367
2020-01-16,0.00413683611881166
2020-01-17,-0.0002476822558351577
2020-01-21,0.0013827956268854802
2020-01-22,-0.0017639992389656411
2020-01-23,0.0016843963655277516
2020-01-24,-0.004358616987900632
2020-01-27,-0.007296367642588342
2020-01-28,0.003785723948705799
2020-01-29,0.0011851864001897194
2020-01-30,0.0006078146964716424
2020-01-31,-0.0096554066232033
2020-02-03,0.0009560159531984969
2020-02-04,0.004690485072931683
2020-02-05,0.007338703058524576
2020-02-06,0.0034600163216667035
2020-02-07,-0.0020211382350989737
2020-02-10,0.0014047037541788931
2020-02-11,0.0011098489334899764
2020-02-12,0.005386505335795544
2020-02-13,-5.792473839272283e-05
2020-02-14,0.0008591721325523771
2020-02-18,0.0016279727393297971
2020-02-19,0.004517198652090437
2020-02-20,-0.001016267854189623
2020-02-21,-0.002968131650238015
2020-02-24,-0.018387793722063006
2020-02-25,-0.01738557389972306
2020-02-26,-0.005453649500186675
2020-02-27,-0.021959051555763276
2020-02-28,-0.0023390333562698373
2020-03-02,0.022229068651005157
2020-03-03,-0.007348773469261105
2020-03-04,0.016884391775316088
2020-03-05,-0.008317222772279087
2020-03-06,-0.0012385553995817311
2020-03-09,-0.04491035047740233
2020-03-10,0.01690055150485703
2020-03-11,-0.0399078663871093
2020-03-12,-0.05845240411837971
2020-03-13,0.04014090390647329
2020-03-16,-0.07221193660850656
2020-03-17,0.01650884034566058
2020-03-18,-0.0538077366391847
2020-03-19,0.011822280088263692
2020-03-20,-0.0057071766879907004
2020-03-23,0.002448280428482663
2020-03-24,0.04650390129282389
2020-03-25,0.013686598463268584
2020-03-26,0.03396127508458302
2020-03-27,-0.00365157228338564
2020-03-30,0.013257135333710535
2020-03-31,-0.014485507315207369
2020-04-01,-0.029046842265482153
2020-04-02,0.012244548203102834
2020-04-03,-0.008418515324518205
2020-04-06,0.06119798955344424
2020-04-07,0.0035527786184701426
2020-04-08,0.033593253316816174
2020-04-09,0.01972948947528974
2020-04-13,-0.008726424405117061
2020-04-14,0.026280001903527195
2020-04-15,-0.02305739985009625
2020-04-16,0.0026307640338480986
2020-04-17,0.020628484056427032
2020-04-20,-0.0214837201770417
2020-04-21,-0.031170655780695333
2020-04-22,0.0208147788258215
2020-04-23,-0.0029363926692574926
2020-04-24,0.007632516349073137
2020-04-27,0.012679109872433925
2020-04-28,-0.0037317892648348616
2020-04-29,0.02406051630529582
2020-04-30,-0.0037059643124238706
2020-05-01,-0.026400765865267517
2020-05-04,0.004289556852792309
2020-05-05,0.011154984975378257
2020-05-06,-0.01049071059489326
2020-05-07,0.010832684350776889
2020-05-08,0.018562796593673436
2020-05-11,-0.005125259604006005
2020-05-12,-0.01679095031173783
2020-05-13,-0.01627154906189432
2020-05-14,0.012495279393885061
2020-05-15,0.006546879530933802
2020-05-18,0.030519876707278515
2020-05-19,-0.008761870075885247
2020-05-20,0.017357581275303957
2020-05-21,-0.00354942663235025
2020-05-22,0.00021225215826459198
2020-05-26,0.012898134988986953
2020-05-27,0.00940081445161356
2020-05-28,-0.003911362341020852
2020-05-29,0.006071045002740361
2020-06-01,0.00457280895177159
2020-06-02,0.008035412642200424
2020-06-03,0.010056438417006541
2020-06-04,-0.003906813865621195
2020-06-05,0.014799548171112287
2020-06-08,0.005429775363721356
2020-06-09,0.0024290784648151043
2020-06-10,0.006047864725974961
2020-06-11,-0.03128340711419031
2020-06-12,0.005654597563084396
2020-06-15,0.007059091617292346
2020-06-16,0.006932313079457408
2020-06-17,-0.00041922121639037524
2020-06-18,0.003758277194384485
2020-06-19,0.00040206185620217383
2020-06-22,0.007514269859473455
2020-06-23,0.00019050979914414512
2020-06-24,-0.015290734878687373
2020-06-25,0.008487050771436522
2020-06-26,-0.011686763378248921
2020-06-29,0.010196767555826991
2020-06-30,0.006044677320263148
2020-07-01,0.005218501164361733
2020-07-02,0.004468774911678075
2020-07-06,0.008929626331683815
2020-07-07,-0.002528889291318892
2020-07-08,0.006197032174339645
2020-07-09,-0.003233902221332352
2020-07-10,0.005561659683731346
2020-07-13,-0.005509468456701305
2020-07-14,0.008469833634786816
2020-07-15,0.006933268912908908
2020-07-16,-0.0032112717246230993
2020-07-17,0.0020618203083873077
2020-07-20,0.003657675414445505
2020-07-21,0.004748094055718299
2020-07-22,0.004393717330825275
2020-07-23,-0.0026321681161324273
2020-07-24,-0.0026122521279220434
2020-07-27,0.0065010663164968285
2020-07-28,-0.0027994155266823917
2020-07-29,0.006630664117863949
2020-07-30,-0.005815808775854858
2020-07-31,-0.002148816322559366
2020-08-03,0.007866067328673454
2020-08-04,0.0062181353727643884
2020-08-05,0.007177941275981148
2020-08-06,0.006106364370895623
2020-08-07,-0.0017924012716350468
2020-08-10,0.005508146568131256
2020-08-11,-0.009429660515880345
2020-08-12,0.008036151780764111
2020-08-13,-0.0017295347100182434
2020-08-14,-0.00025927126711744464
2020-08-17,0.005166476275004106
2020-08-18,0.0005443600834855733
2020-08-19,-0.003855515707060775
2020-08-20,0.0020394814425830354
2020-08-21,0.0006176692925359273
2020-08-24,0.00811199352280001
2020-08-25,0.0014898880395062264
2020-08-26,0.002466577182073104
2020-08-27,-0.0007753452241725522
2020-08-28,0.005490885144125324
2020-08-31,-0.0033981696940224015
2020-09-01,0.007504079920986895
2020-09-02,0.005909216278060736
2020-09-03,-0.010076571028614145
2020-09-04,-0.008692451202638174
2020-09-08,-0.011595516354063307
2020-09-09,0.008126104675830303
2020-09-10,-0.007392706908913471
2020-09-11,0.0024965905667864163
2020-09-14,0.008804561750630713
2020-09-15,0.004547702213956617
2020-09-16,0.005417594161589934
2020-09-17,-0.0020189850061335113
2020-09-18,-0.007053752617897646
2020-09-21,-0.017301129477369614
2020-09-22,0.001767815844856857
2020-09-23,-0.013965937545193818
2020-09-24,0.003567577940059685
2020-09-25,0.00679187282375171
2020-09-28,0.010051838689226988
2020-09-29,-0.0047910787406126865
2020-09-30,0.0024023156404557877
2020-10-01,0.0036416801565186674
2020-10-02,-0.0005393900986596645
2020-10-05,0.00823709542908313
2020-10-06,-0.0022688431861572766
2020-10-07,0.004745912263865337
2020-10-08,0.010443134045195368
2020-10-09,0.001742879607944392
2020-10-12,0.003227401684628095
2020-10-13,-0.0038525582726810503
2020-10-14,-0.003144172804587564
2020-10-15,0.0023853288209798595
2020-10-16,-0.004311382150599563
2020-10-19,-0.008620386422679704
2020-10-20,0.00281363729226225
2020-10-21,-0.004636429406617237
2020-10-22,0.0008081820847913868
2020-10-23,0.002606730226288212
2020-10-26,-0.009912704247508897
2020-10-27,-0.002340579643609342
2020-10-28,-0.02081075160802992
2020-10-29,0.0012502280673769572
2020-10-30,-0.007351139359391912
2020-11-02,0.015104959757438197
2020-11-03,0.01123402866690637
2020-11-04,0.013551007999179632
2020-11-05,0.009652490293857063
2020-11-06,-0.005985066637588576
2020-11-09,0.01192315272665434
2020-11-10,0.0064251886947255255
2020-11-11,0.003535688354586286
2020-11-12,-0.004031078058957749
2020-11-13,0.010913812065408202
2020-11-16,0.0088008459893405
2020-11-17,0.001168229240003038
2020-11-18,-0.008194305602418517
2020-11-19,0.003899369550944831
2020-11-20,-0.00015116633109957256
2020-11-23,0.0028796586079042896
2020-11-24,0.007862980442699063
2020-11-25,-5.376078188612521e-05
2020-11-27,0.0020173024606746637
2020-11-30,-0.00641654235651512
2020-12-01,0.002621710449991266
2020-12-02,0.001440319931464762
2020-12-03,0.0025542248677672408
2020-12-04,0.009946201468048699
2020-12-07,-0.0016372662305458308
2020-12-08,0.0037734771822452995
2020-12-09,-0.0075926320225350175
2020-12-10,0.0033748977800929225
2020-12-11,-0.0014332840556279258
2020-12-14,-0.0015147473695621416
2020-12-15,0.0140301799991418
2020-12-16,0.0011330018629369665
2020-12-17,0.007576423046955938
2020-12-18,-0.00405324245818095
2020-12-21,-0.003025472818597774
2020-12-22,-0.0012923186322931768
2020-12-23,0.0031372410320278377
2020-12-24,0.0032033502114641177
2020-12-28,0.004098279594233256
2020-12-29,-0.0038034155845165785
2020-12-30,0.003730047459092445
2020-12-31,0.004129056622919958
2021-01-04,-0.016610822806273018
2021-01-05,0.010132794100993214
2021-01-06,0.008112421518240653
2021-01-07,0.009091855241214697
2021-01-08,0.006124344008103799
2021-01-11,-0.007795481861933018
2021-01-12,0.006355938680020934
2021-01-13,0.0028348463078613495
2021-01-14,0.004121696077756587
2021-01-15,-0.004629565074014019
2021-01-19,0.005086489124179527
2021-01-20,0.011657351859367227
2021-01-21,-0.001569079379018623
2021-01-22,-0.0026180413506464717
2021-01-25,0.005103859707325409
2021-01-26,0.0008120901393700031
2021-01-27,-0.01788564418649541
2021-01-28,0.003837863216694437
2021-01-29,-0.013707658799254174
2021-02-01,0.01916366937049996
2021-02-02,0.011360991884758365
2021-02-03,0.002750798138210442
2021-02-04,0.009494778126035941
2021-02-05,0.007192011593379455
2021-02-08,0.013794649068695097
2021-02-09,0.0033965044470913863
2021-02-10,-0.003218461908148895
2021-02-11,0.0017843213005566128
2021-02-12,0.006435786379582531
2021-02-16,0.003128739048243734
2021-02-17,-0.003176661707107953
2021-02-18,-0.007090626654162824
2021-02-19,0.005124757660680324
2021-02-22,-0.0004481314105487799
2021-02-23,-0.0009200641959956624
2021-02-24,0.012947826618984415
2021-02-25,-0.022691439857799978
2021-02-26,-0.009503927579708416
2021-03-01,0.018013869285934625
2021-03-02,-0.006904101370674209
2021-03-03,-0.00771511952183368
2021-03-04,-0.009010484347842684
2021-03-05,0.0169064130994363
2021-03-08,-0.005827946180650967
2021-03-09,0.015412551277916409
2021-03-10,0.007584004861144855
2021-03-11,0.015696493635863673
2021-03-12,0.0029974875199181295
2021-03-15,0.006765739659828629
2021-03-16,-0.003708014653147629
2021-03-17,0.003231166655013329
2021-03-18,-0.02478355697289425
2021-03-19,0.0020837707376206716
2021-03-22,0.005398194766091713
2021-03-23,-0.014129826212045393
2021-03-24,-0.0045467146218739485
2021-03-25,0.0030461479564081184
2021-03-26,0.018702176566024464
2021-03-29,-0.0056603523852066795
2021-03-30,-0.0014821611785013067
2021-03-31,0.005514927779108447
2021-04-01,0.01471473651550137
2021-04-05,0.006232541484441301
2021-04-06,0.0011480189433157317
2021-04-07,9.956935487109853e-05
2021-04-08,0.003379361320060781
2021-04-09,0.002204097010070516
2021-04-12,0.0005940928121381805
2021-04-13,0.004209913779539054
2021-04-14,0.0046988427594887305
2021-04-15,0.01038634399051963
2021-04-16,0.0015295958092691464
2021-04-19,-0.001785424222017773
2021-04-20,-0.003066303291430428
2021-04-21,0.005079416389901725
2021-04-22,-0.003310081310784585
2021-04-23,0.007799261733490992
2021-04-26,0.0022283979935224796
2021-04-27,0.0014922908188255146
2021-04-28,-0.0006758640076023337
2021-04-29,0.005895039432313398
2021-04-30,-0.004978523972270055
2021-05-03,0.004679797787207729
2021-05-04,0.0015230693656691496
2021-05-05,-0.001319660696203595
2021-05-06,0.005766969017509949
2021-05-07,0.008068851373287389
2021-05-10,-0.0062890176625464145
2021-05-11,-0.005151100796184527
2021-05-12,-0.015269721721029028
2021-05-13,0.0007048528136084364
2021-05-14,0.012081038471069228
2021-05-17,0.0020957115574180563
2021-05-18,-0.003373942735359625
2021-05-19,-0.007746444514212247
2021-05-20,0.005715496924679764
2021-05-21,0.002427509202231226
2021-05-24,0.010217147664623338
2021-05-25,-6.331552609206703e-05
2021-05-26,0.0016807268660883334
2021-05-27,0.0029868712176794876
2021-05-28,0.001237350731098763
2021-06-01,0.008931871561829396
2021-06-02,0.0053076987624331995
2021-06-03,-0.004981326673306419
2021-06-04,0.0071457616818546565
2021-06-07,0.002209262611559293
2021-06-08,0.004990518300945768
2021-06-09,-0.0013619940445938061
2021-06-10,0.004394216611907309
2021-06-11,-0.001404629601669205
2021-06-14,-0.0008710866719111587
2021-06-15,-0.004729597660454221
2021-06-16,-0.005903046343632035
2021-06-17,-0.006890363983010017
2021-06-18,-0.006417977345892445
2021-06-21,0.013722614385251575
2021-06-22,0.0009628698388490786
2021-06-23,0.00031546755859634956
2021-06-24,0.003655758809912646
2021-06-25,0.00206045530428689
2021-06-28,-0.0004652876485211621
2021-06-29,0.000789791309672605
2021-06-30,0.0026562308769018106
2021-07-01,0.0041044058856651855
2021-07-02,0.006244953397120501
2021-07-06,-0.0008140622227883476
2021-07-07,0.0020426428776205707
2021-07-08,-0.0006547578017823685
2021-07-09,0.006103423360200866
2021-07-12,0.0031836771350381987
2021-07-13,-0.00491175908343211
2021-07-14,0.003434471546188478
2021-07-15,0.0014622163346464934
2021-07-16,-0.003227883487404548
2021-07-19,-0.01099394647037355
2021-07-20,0.010552310938372944
2021-07-21,0.0028147950809620514
2021-07-22,0.0023922187149101326
2021-07-23,0.004233494162214635
2021-07-26,0.0013944591352068603
2021-07-27,0.0018262304099478932
2021-07-28,-0.00024187909185824363
2021-07-29,0.0032513314942232974
2021-07-30,-0.001045066253011151
2021-08-02,-0.0009582621903259092
2021-08-03,0.0020716825927737936
2021-08-04,-0.007407461390745218
2021-08-05,0.00892171402558839
2021-08-06,-0.0019291105254813923
2021-08-09,-0.0053104259774756635
2021-08-10,0.0030040823048012033
2021-08-11,0.005265692950956025
2021-08-12,0.0005541421217893916
2021-08-13,0.0015019128660982428
2021-08-16,0.0006964926534198668
2021-08-17,-0.006291287287319203
2021-08-18,-0.00969128584590162
2021-08-19,-0.001575891145432995
2021-08-20,-0.00037659092123598636
2021-08-23,0.011582582035923439
2021-08-24,0.0038665900062153646
2021-08-25,0.0021625742714312945
2021-08-26,-0.004413397300246036
2021-08-27,0.009471777334550957
2021-08-30,0.004047118359366664
2021-08-31,-0.0009490077641325367
2021-09-01,0.0023845219414788676
2021-09-02,0.006055805454708629
2021-09-03,-0.0020301695394870922
2021-09-07,-0.00866536911774518
2021-09-08,0.004482151918809851
2021-09-09,-0.0049438287332661535
2021-09-10,-0.004562845338076937
2021-09-13,0.005784579679560142
2021-09-14,0.0011100973988000806
2021-09-15,0.006108668556926045
2021-09-16,-0.0030979088819522715
2021-09-17,-0.007904067082140642
2021-09-20,-0.005540989076401215
2021-09-21,-7.405262432025328e-05
2021-09-22,0.009211907965475552
2021-09-23,0.0007372137792123201
2021-09-24,-0.003569971864703314
2021-09-27,-0.0016083606249704951
2021-09-28,-0.012605497036751512
2021-09-29,0.0029782117153365206
2021-09-30,-0.0056000825668270915
2021-10-01,0.011956807328801444
2021-10-04,-0.0027946448897397946
2021-10-05,0.006798403229691274
2021-10-06,0.0003939776337573697
2021-10-07,0.008412005089092345
2021-10-08,-0.0025903853813256106
2021-10-11,-0.001384903471686405
2021-10-12,0.001788315760703263
2021-10-13,0.005095869120508967
2021-10-14,0.014005068177693314
2021-10-15,0.006020952617674213
2021-10-18,0.0008908960452824743
2021-10-19,0.004245576311917354
2021-10-20,0.00814754807833551
2021-10-21,-0.002107709658477619
2021-10-22,0.001414432922274056
2021-10-25,0.004894373150615028
2021-10-26,0.0015971360603843632
2021-10-27,-0.00851569657770479
2021-10-28,0.009350570512193457
2021-10-29,-0.002669401693529694
2021-11-01,0.004273240044477822
2021-11-02,0.004106714429794822
2021-11-03,-0.0008303802321669718
2021-11-04,0.00017471361573107025
2021-11-05,0.006854951145137678
2021-11-08,0.0010900157720747927
2021-11-09,0.0011630986472819238
2021-11-10,-0.008972314513549517
2021-11-11,0.00013208368576789198
2021-11-12,0.0026810815309379343
2021-11-15,3.730936504919846e-05
2021-11-16,-0.00019206603869237338
2021-11-17,-0.001241520702434995
2021-11-18,0.0019059536410428457
2021-11-19,-0.0037738008652956623
2021-11-22,-0.0028506097805974795
2021-11-23,0.0033186393132211833
2021-11-24,0.00518180480066488
2021-11-26,-0.022134197531962885
2021-11-29,0.006152918696511023
2021-11-30,-0.015166344492554384
2021-12-01,-0.010484814996409075
2021-12-02,0.015212656265524815
2021-12-03,-0.003284601660452413
2021-12-06,0.012766692325253182
2021-12-07,0.014306583258435701
2021-12-08,0.0034428542960633912
2021-12-09,-0.008663968856895687
2021-12-10,0.005888595422399057
2021-12-13,-0.003932098622182467
2021-12-14,-0.006817309997127596
2021-12-15,0.008813289464346896
2021-12-16,-0.003191671801872631
2021-12-17,-0.005720947557248834
2021-12-20,-0.009750026848403204
2021-12-21,0.01630251741628097
2021-12-22,0.009259527199609208
2021-12-23,0.003576110560012946
2021-12-27,0.011303318527878803
2021-12-28,-0.0010315858060762073
2021-12-29,0.0013084628879775906
2021-12-30,-0.0008365562767489454
2021-12-31,-0.0019268194102699532
2022-01-03,-0.005535630400537062
2022-01-04,0.0013240946736348125
2022-01-05,-0.014325043982825636
2022-01-06,0.0016609474605970842
2022-01-07,-0.003951097753134292
2022-01-10,-0.002151354057440158
2022-01-11,0.008200815167366038
2022-01-12,0.0014886586038211913
2022-01-13,-0.004022431629270962
2022-01-14,-0.003960659119265908
2022-01-18,-0.01038053227855451
2022-01-19,-0.0038936708372547812
2022-01-20,-0.0055887441495729995
2022-01-21,-0.003679063669766336
2022-01-24,-0.0005440842792989731
2022-01-25,-0.002980349418744477
2022-01-26,-0.007173726185341178
2022-01-27,0.0005672425436822337
2022-01-28,0.015303176391757045
2022-01-31,0.0077293573932060156
2022-02-01,0.0015850983868295199
2022-02-02,0.006887527077861444
2022-02-03,-0.011354304089255196
2022-02-04,-0.00017437500623718183
2022-02-07,-0.0002369384540696906
2022-02-08,0.0004490277895270456
2022-02-09,0.014186066705065725
2022-02-10,-0.01546591783387019
2022-02-11,-0.004674824729694715
2022-02-14,-0.0033973912960427732
2022-02-15,0.004453522750954564
2022-02-16,0.0021736296856886828
2022-02-17,-0.00890600491546123
2022-02-18,-0.0026239179619883535
2022-02-22,-0.0023575020392548884
2022-02-23,-0.009942845355998098
2022-02-24,0.011024114958203768
2022-02-25,0.01200385938978954
2022-02-28,0.001407467955796049
2022-03-01,0.002565395731484621
2022-03-02,0.01835138728991348
2022-03-03,0.0032474502597721333
2022-03-04,0.005878491610160408
2022-03-07,-0.01530579648103414
2022-03-08,0.00018384435116147735
2022-03-09,-0.0016721228622669226
2022-03-10,-0.007830037893319708
2022-03-11,-0.005508118009699969
2022-03-14,-0.017748482662350074
2022-03-15,0.00864627713793853
2022-03-16,0.016492444152104824
2022-03-17,0.020199010554878383
2022-03-18,0.010535534273431457
2022-03-21,0.005511034213047328
2022-03-22,0.00704261960711583
2022-03-23,-0.001120392612593002
2022-03-24,0.007517778525770069
2022-03-25,0.0032541081974084562
2022-03-28,-0.0034373568167813673
2022-03-29,0.013742884346749085
2022-03-30,-0.0011112238858457246
2022-03-31,-0.013364212911514572
2022-04-01,0.005025325330483277
2022-04-04,0.005041642404763236
2022-04-05,-0.011195263921200183
2022-04-06,-0.004566989035683644
2022-04-07,-0.00029901570483792383
2022-04-08,0.0018964425245453498
2022-04-11,-0.012438797595866968
2022-04-12,0.005650850925961848
2022-04-13,0.011398401352430643
2022-04-14,-0.005553364153997653
2022-04-18,0.0012491427051126713
2022-04-19,0.0016732208854342012
2022-04-20,0.008097111294808279
2022-04-21,-0.007957869891478064
2022-04-22,-0.01986375628161241
2022-04-25,0.002319413202092724
2022-04-26,-0.007820138969660828
2022-04-27,-0.0007403111539533436
2022-04-28,0.013941592936985714
2022-04-29,-0.024236033024985115
2022-05-02,-0.0011924431754601894
2022-05-03,0.0007423776009840566
2022-05-04,0.02388798644815715
2022-05-05,-0.024646202616544155
2022-05-06,-0.005773934377561796
2022-05-09,-0.022443159575789795
2022-05-10,0.0005535082475389697
2022-05-11,0.004203359598335066
2022-05-12,-0.00011404186659413895
2022-05-13,0.009653850556201826
2022-05-16,0.0032150192262137
2022-05-17,0.0029495266008741083
2022-05-18,-0.019383516162540415
2022-05-19,0.00030996869778698866
2022-05-20,0.0032536357792831705
2022-05-23,0.007799416302222806
2022-05-24,0.003189721954307778
2022-05-25,0.006488481359650633
2022-05-26,0.010665768627384997
2022-05-27,0.014209087558164413
2022-05-31,-0.009755371121253797
2022-06-01,-0.0025419086093138032
2022-06-02,0.01405303573732608
2022-06-03,-0.005072087223833899
2022-06-06,-0.0029855066517071593
2022-06-07,0.009280504203108775
2022-06-08,-0.006003674661232972
2022-06-09,-0.009885206651069733
2022-06-10,-0.017547805210870404
2022-06-13,-0.028920978816452836
2022-06-14,-0.008003658080656728
2022-06-15,0.01195155034166051
2022-06-16,-0.01131466305840989
2022-06-17,-0.007235494228617467
2022-06-21,0.006257894144923393
2022-06-22,0.0026411962840433567
2022-06-23,0.0016248775408771454
2022-06-24,0.013108702610204137
2022-06-27,-0.0040954149843610566
2022-06-28,-0.004613839249557827
2022-06-29,-0.0007090705879544412
2022-06-30,-0.008917312404574163
2022-07-01,0.009565116251576411
2022-07-05,-0.01524392437776323
2022-07-06,-0.001499497049900489
2022-07-07,0.01719523712894011
2022-07-08,0.0016787365763195616
2022-07-11,-0.007603978747420914
2022-07-12,-0.014049003277169625
2022-07-13,-0.0023656602484101175
2022-07-14,-0.004694936554977991
2022-07-15,0.01716084449767008
2022-07-18,-0.0025501408440793405
2022-07-19,0.021773961090213456
2022-07-20,0.003818983049424629
2022-07-21,0.0045860601626528386
2022-07-22,-0.0063856941260515
2022-07-25,0.0033481910778785373
2022-07-26,-0.00648514677069012
2022-07-27,0.020938200884112135
2022-07-28,0.014176871913416322
2022-07-29,0.010067636817829184
2022-08-01,-0.0063982414290029155
2022-08-02,-0.008332673446840633
2022-08-03,0.009535659553576048
2022-08-04,-0.003609270388132413
2022-08-05,-0.006438878539378967
2022-08-08,0.007940381231607896
2022-08-09,0.0005172659282079994
2022-08-10,0.010617541565219657
2022-08-11,-0.0007848406204409297
2022-08-12,0.008542010233314912
2022-08-15,-0.0011202532562513134
2022-08-16,8.05403730623766e-05
2022-08-17,-0.004437341790848426
2022-08-18,0.004399123678240802
2022-08-19,-0.009362292527177019
2022-08-22,-0.008570602259849736
2022-08-23,1.373325688880378e-05
2022-08-24,0.002378834148111686
2022-08-25,0.0060401602814847966
2022-08-26,-0.012492440427163243
2022-08-29,-0.0016739454584681068
2022-08-30,-0.0116807937893183
2022-08-31,-0.011165000541209946
2022-09-01,-0.008130399475383854
2022-09-02,-0.0032914180324530307
2022-09-06,-0.010268620969378195
2022-09-07,0.007667689532942168
2022-09-08,0.0014931680420555704
2022-09-09,0.015134478499959414
2022-09-12,0.005906193609103383
2022-09-13,-0.02449697390576855
2022-09-14,0.0037251950614050067
2022-09-15,-0.011753678486719377
2022-09-16,-0.0060249597174492076
2022-09-19,0.005203603489527531
2022-09-20,-0.008062682250399078
2022-09-21,-0.006409290431383385
2022-09-22,-0.009826718662114375
2022-09-23,-0.01479514077789712
2022-09-26,-0.01441031324239117
2022-09-27,-0.00583407080892373
2022-09-28,0.024639816900351663
2022-09-29,-0.013550128878738743
2022-09-30,-0.01472047438578361
2022-10-03,0.02245524411917188
2022-10-04,0.023089083068391414
2022-10-05,0.00025676427630161314
2022-10-06,-0.007480768076248534
2022-10-07,-0.013385743400124439
2022-10-10,-0.008858912744753367
2022-10-11,-0.0032417741120196464
2022-10-12,-0.0011847481865712162
2022-10-13,0.017521328740225384
2022-10-14,-0.017429735011651126
2022-10-17,0.013113170123097984
2022-10-18,0.004477974777152838
2022-10-19,-0.007984860259810711
2022-10-20,-0.0057998382663561054
2022-10-21,0.010751925668396556
2022-10-24,0.005831344767513791
2022-10-25,0.016380356540706575
2022-10-26,0.004872065625946442
2022-10-27,0.0024433384013775594
2022-10-28,0.010409944756276879
2022-10-31,-0.005668266849607195
2022-11-01,0.0033204992641331366
2022-11-02,-0.016440667124873354
2022-11-03,-0.006383134390863132
2022-11-04,0.008754396530756603
2022-11-07,0.0011843772584969603
2022-11-08,0.005450809463206641
2022-11-09,-0.012517077285269296
2022-11-10,0.050085836215964186
2022-11-11,0.005037197594083054
2022-11-14,-0.011243825025086918
2022-11-15,0.010964083553776316
2022-11-16,-0.0007443622007026196
2022-11-17,-0.006656548771578841
2022-11-18,0.00178271447467937
2022-11-21,-0.0001718423286244386
2022-11-22,0.011104198350972316
2022-11-23,0.005446705091550763
2022-11-25,-0.0006103485862003488
2022-11-28,-0.012330682360302214
2022-11-29,0.0012538180159926693
2022-11-30,0.023200565179068988
2022-12-01,0.006107974626326618
2022-12-02,-0.000686936616355327
2022-12-05,-0.018117830228434273
2022-12-06,-0.007610923104754863
2022-12-07,0.0034602151228286804
2022-12-08,0.0029168203124687597
2022-12-09,-0.008136401143831518
2022-12-12,0.01036161251721257
2022-12-13,0.011359765109179909
2022-12-14,-0.0006202263871922797
2022-12-15,-0.013167919522449445
2022-12-16,-0.014150612937523621
2022-12-19,-0.00842587849807519
2022-12-20,-0.001856988143178806
2022-12-21,0.011018588260310214
2022-12-22,-0.008090260321239162
2022-12-23,0.0053810361668946705
2022-12-27,-0.0017715566878028222
2022-12-28,-0.011625749884720094
2022-12-29,0.011063950827870705
2022-12-30,-0.0022715689503377545
2023-01-03,-0.002519035594568453
2023-01-04,0.005642784653304478
2023-01-05,-0.014493404628958761
2023-01-06,0.021655029890974786
2023-01-09,0.0030893206046096466
2023-01-10,0.004035201796145804
2023-01-11,0.019317792548483093
2023-01-12,0.008297502899823783
2023-01-13,0.0025248147552783262
2023-01-17,-0.0007326033528354259
2023-01-18,-0.013447290207413087
2023-01-19,-0.004443880254654253
2023-01-20,0.013878344270418008
2023-01-23,0.009477805635523584
2023-01-24,0.00021150501088218476
2023-01-25,-0.0006629152281274475
2023-01-26,0.010386498710824199
2023-01-27,0.0036361189203009125
2023-01-30,-0.013064669109652205
2023-01-31,0.01568990258369385
2023-02-01,0.004625225929177912
2023-02-02,0.013891029176444247
2023-02-03,-0.013019282947990596
2023-02-06,-0.003668716101900671
2023-02-07,0.009765635576159726
2023-02-08,-0.0044742530012023
2023-02-09,-0.00870751028095551
2023-02-10,0.003932181645674104
2023-02-13,0.007688392804438893
2023-02-14,-0.0007775256315133428
2023-02-15,-0.0018517896164007563
2023-02-16,-0.010360037121542098
2023-02-17,-5.935293307512968e-05
2023-02-21,-0.01571515037053628
2023-02-22,-0.0026294493980387745
2023-02-23,0.006282108893848726
2023-02-24,-0.009139492705035557
2023-02-27,0.0025302157376920764
2023-02-28,-0.0014199287456163612
2023-03-01,0.0021095304582998686
2023-03-02,0.002680752354078386
2023-03-03,0.015809141306446284
2023-03-06,-0.003248293187065876
2023-03-07,-0.01774530205611413
2023-03-08,0.0031686980315748237
2023-03-09,-0.018243870184555533
2023-03-10,-0.015433244202657792
2023-03-13,0.0026913552117289186
2023-03-14,0.011657416495030493
2023-03-15,-0.005150647705162048
2023-03-16,0.011409914542846789
2023-03-17,-0.012448541580604267
2023-03-20,0.009086625082617816
2023-03-21,0.007491125649973895
2023-03-22,-0.019376974141694148
2023-03-23,0.0013937096038687535
2023-03-24,0.010002568260534916
2023-03-27,0.0023969675533910273
2023-03-28,-0.0019514700834040166
2023-03-29,0.013863788390294118
2023-03-30,0.007924471249616039
2023-03-31,0.015437446881360728
2023-04-03,0.002690712955340846
2023-04-04,-0.003848113831761868
2023-04-05,-7.555144955284643e-05
2023-04-06,0.002424665166869122
2023-04-10,0.0012017671346908898
2023-04-11,0.0029487622132862157
2023-04-12,-0.001036825731640767
2023-04-13,0.0049820780216600635
2023-04-14,-0.005991699492932323
2023-04-17,0.005414523023594686
2023-04-18,0.00013661053856539596
2023-04-19,-0.0017476535732727783
2023-04-20,-0.00563853975626083
2023-04-21,-0.00020110801348294238
2023-04-24,0.001846295884442517
2023-04-25,-0.010720610936819974
2023-04-26,-0.008632469611192128
2023-04-27,0.014299591974747283
2023-04-28,0.009980283901658504
2023-05-01,-0.005920572320333828
2023-05-02,-0.012239260044831335
2023-05-03,-0.006668244121777689
2023-05-04,-0.0016894274600827153
2023-05-05,0.01637556504638904
2023-05-08,-0.0011687229128597432
2023-05-09,-0.002444001920315575
2023-05-10,0.0036709455117476253
2023-05-11,-0.0042657059839571465
2023-05-12,-0.0033015104824857255
2023-05-15,0.0027478585321734084
2023-05-16,-0.008177278982915981
2023-05-17,0.010629084187426141
2023-05-18,0.0030958419935982473
2023-05-19,-0.0026897281855132738
2023-05-22,-0.00024113925622237797
2023-05-23,-0.005822714599561407
2023-05-24,-0.006479059082816874
2023-05-25,0.0020464009012894913
2023-05-26,0.013619570634595624
2023-05-30,-0.002299956245288448
2023-05-31,-0.003544608419904449
2023-06-01,0.008389310130619387
2023-06-02,0.012785178243615247
2023-06-05,-0.003008051818006341
2023-06-06,0.0023758918350278435
2023-06-07,0.0014531147397860433
2023-06-08,0.00371288511923229
2023-06-09,-0.0009190610815801303
2023-06-12,0.0030788602595333003
2023-06-13,0.007537679888817372
2023-06-14,0.0007034671626933164
2023-06-15,0.013092885097439888
2023-06-16,4.737598270909693e-05
2023-06-20,-0.007063040853654723
2023-06-21,-0.001761134333012393
2023-06-22,-0.003802931345932681
2023-06-23,-0.009261178543965909
2023-06-26,0.001212600469238545
2023-06-27,0.0051840796042128545
2023-06-28,-0.00047077624778124605
2023-06-29,0.004488661990212028
2023-06-30,0.009585446258068897
2023-07-03,0.0023416935237099423
2023-07-05,0.0003529375868498441
2023-07-06,-0.0072612373624106885
2023-07-07,2.5260419366679443e-05
2023-07-10,0.0018992114405560478
2023-07-11,0.007751056071113593
2023-07-12,0.010180702782002227
2023-07-13,0.012330514622439503
2023-07-14,-0.003208508123329734
2023-07-17,0.00077768608648765
2023-07-18,0.007546451124286646
2023-07-19,0.004119555102395811
2023-07-20,-0.008756739042315886
2023-07-21,0.0010270863495189797
2023-07-24,0.005150412673656124
2023-07-25,0.002384076864521356
2023-07-26,-0.0011230322951669702
2023-07-27,-0.007304311695548238
2023-07-28,0.009284476511215
2023-07-31,0.0022907046312088397
2023-08-01,-0.006122847446957347
2023-08-02,-0.015383827940519845
2023-08-03,-0.003481450778727524
2023-08-04,0.0006605306295999203
2023-08-07,0.006549199651469939
2023-08-08,-0.0038160068130255187
2023-08-09,-0.0016985808071778852
2023-08-10,-0.0026022658275591803
2023-08-11,-0.0017052045472961685
2023-08-14,0.00010477437825562319
2023-08-15,-0.011064806634090152
2023-08-16,-0.00856096571943088
2023-08-17,-0.005931907171665696
2023-08-18,0.0023912948024606973
2023-08-21,0.0006531038028489977
2023-08-22,0.0003574522020604043
2023-08-23,0.012218864512006489
2023-08-24,-0.009045198219341022
2023-08-25,0.005863012274822443
2023-08-28,0.005551256337305022
2023-08-29,0.012457134583240492
2023-08-30,0.0029692706460275886
2023-08-31,-0.0008060290360145661
2023-09-01,0.001894799042787998
2023-09-05,-0.004405075814716053
2023-09-06,-0.0020244533158710887
2023-09-07,-0.0012948568908245361
2023-09-08,0.0013794019846542493
2023-09-11,0.0038091893659606413
2023-09-12,-0.0010933235755434811
2023-09-13,-2.4463401279151142e-05
2023-09-14,0.005868996305410823
2023-09-15,-0.007154719883421978
2023-09-18,0.0005325921267209655
2023-09-19,-0.002537349138802547
2023-09-20,-0.004574673840763488
2023-09-21,-0.01752806853014488
2023-09-22,0.0013400519435649016
2023-09-25,-0.006300693264850832
2023-09-26,-0.009484498711137102
2023-09-27,-0.0007638599568152715
2023-09-28,0.004762354534141311
2023-09-29,-0.002751042291093464
2023-10-02,-0.008403901748360143
2023-10-03,-0.01442463493773416
2023-10-04,0.002886981974741021
2023-10-05,-0.0024108053016510533
2023-10-06,0.00434837352056805
2023-10-09,0.01279969321122465
2023-10-10,0.002062502859886184
2023-10-11,0.0066580032700358505
2023-10-12,-0.009984946706113051
2023-10-13,0.006740365387873037
2023-10-16,0.001400353988022518
2023-10-17,-0.0025792862801413685
2023-10-18,-0.007576231848174353
2023-10-19,-0.008232553396106734
2023-10-20,-0.00613046602919487
2023-10-23,0.0005638087790638124
2023-10-24,0.006061887735817617
2023-10-25,-0.011248624564405452
2023-10-26,-0.004089853147858591
2023-10-27,-0.0020817587305186347
2023-10-30,0.0041448731148687745
2023-10-31,0.0010735023548307243
2023-11-01,0.011576533398456101
2023-11-02,0.017942162138853135
2023-11-03,0.006154238793628641
2023-11-06,-0.001460283447764943
2023-11-07,0.0007557094358536798
2023-11-08,0.0023392766502350337
2023-11-09,-0.01058563698105508
2023-11-10,0.010029437230017146
2023-11-13,0.001694575118046382
2023-11-14,0.017042341191125576
2023-11-15,-0.0026541720982203865
2023-11-16,-0.0011120098939291223
2023-11-17,0.00408897269013675
2023-11-20,0.0078066390166586785
2023-11-21,-0.0006114451218095507
2023-11-22,0.0018994986829887761
2023-11-24,-0.002968627257999512
2023-11-27,0.0023700680328415658
2023-11-28,0.0038500846241826814
2023-11-29,0.004929541632924028
2023-11-30,-0.0008092990704396952
2023-12-01,0.008800700471538692
2023-12-04,-0.0036138205534643753
2023-12-05,0.003150183399195372
2023-12-06,-0.0028494245089588643
2023-12-07,0.003225772163103935
2023-12-08,0.0002449866387035371
2023-12-11,0.0017274759991303679
2023-12-12,0.0007384585177945269
2023-12-13,0.01956042449412365
2023-12-14,0.014492166331102174
2023-12-15,-0.0013666506905166687
2023-12-18,0.0011079274404686146
2023-12-19,0.006282964591168616
2023-12-20,-0.00815191181473951
2023-12-21,0.0044754062540930395
2023-12-22,-0.00011073777811065888
2023-12-26,0.005524236911728098
2023-12-27,0.005382422937297626
2023-12-28,-0.0019534074921155886
2023-12-29,-0.006298790359760775
2024-01-02,-0.005110439935343103
2024-01-03,-0.004564065626812774
2024-01-04,-0.006414687341874448
2024-01-05,-0.001304563104631784
2024-01-08,0.007756865492242859
2024-01-09,-0.0021627676610253
2024-01-10,0.001111342899531076
2024-01-11,0.0022717486783514484
2024-01-12,-0.00041824989274763524
2024-01-16,-0.00822920728782861
2024-01-17,-0.003687868687342055
2024-01-18,0.0031354052663465914
2024-01-19,0.008381305855537535
2024-01-22,0.0038477783927401976
2024-01-23,-0.00109716470000909
2024-01-24,-0.0007072939501046038
2024-01-25,0.006132086856682761
2024-01-26,-0.00038696705606522386
2024-01-29,0.006257838097204926
2024-01-30,0.0028700208593874788
2024-01-31,-0.007008392878494085
2024-02-01,0.010592667666706745
2024-02-02,-0.0025891927189635178
2024-02-05,-0.008072529549488672
2024-02-06,0.004940745751327524
2024-02-07,0.0049060009351504785
2024-02-08,0.0033235882081603663
2024-02-09,0.0032896049532313842
2024-02-12,0.0002432226461257514
2024-02-13,-0.014918821193894205
2024-02-14,0.006006337792256122
2024-02-15,0.010587106677677482
2024-02-16,-0.005929395734758702
2024-02-20,-0.0038913558485139665
2024-02-21,0.00152877955613695
2024-02-22,0.013623511116331866
2024-02-23,-0.0013387014361839755
2024-02-26,-0.0031137213130756347
2024-02-27,0.001215269069235081
2024-02-28,0.0007878534572651752
2024-02-29,0.004439407553827435
2024-03-01,0.009035921858455254
2024-03-04,0.0009969125288022962
2024-03-05,-0.011685502123985447
2024-03-06,0.004919006811831217
2024-03-07,0.006349886794488668
2024-03-08,-0.0021059856580418757
2024-03-11,-0.0008115022422123808
2024-03-12,0.0056496738947526826
2024-03-13,-0.0011275481365464746
2024-03-14,-0.004818499673028498
2024-03-15,-0.005075738623460224
2024-03-18,0.005053322153085293
2024-03-19,0.003101952020861054
2024-03-20,0.007704769995323657
2024-03-21,0.00456331696892831
2024-03-22,-0.005685437586876563
2024-03-25,-0.002491484499264285
2024-03-26,-0.003215904013310067
2024-03-27,0.011110520757472653
2024-03-28,0.0030458771634938042
2024-04-01,-0.00458142059012534
2024-04-02,-0.006787452045766362
2024-04-03,0.002447957991977834
2024-04-04,-0.009587168530399537
2024-04-05,0.008150240366864736
2024-04-08,0.0013428395684167427
2024-04-09,-0.00044084354729045927
2024-04-10,-0.00747419290472251
2024-04-11,0.003521586474299898
2024-04-12,-0.009982121200255434
2024-04-15,-0.006191700002005196
2024-04-16,-0.0026636291682650137
2024-04-17,-0.006298782593313512
2024-04-18,-0.0019394752463351983
2024-04-19,-0.0015911428193714494
2024-04-22,0.006705893783459427
2024-04-23,0.00873123563500422
2024-04-24,-0.0007068949538049374
2024-04-25,-0.003351176527366495
2024-04-26,0.0066187240037871575
2024-04-29,0.00289592819022344
2024-04-30,-0.014370906900431968
2024-05-01,-0.004970865032055682
2024-05-02,0.009331211969749287
2024-05-03,0.010454935677964627
2024-05-06,0.008093272522333494
2024-05-07,0.0028746682233093956
2024-05-08,-0.0020646282728031817
2024-05-09,0.009646884191994554
2024-05-10,-3.0654790069806204e-05
2024-05-13,0.001688526585841288
2024-05-14,0.0034965724111792884
2024-05-15,0.010621709290243864
2024-05-16,-0.00041325423136395756
2024-05-17,0.0026386406022782527
2024-05-20,-0.0005944661025475417
2024-05-21,0.0005257646675411731
2024-05-22,-0.00666959481368723
2024-05-23,-0.012186834223070764
2024-05-24,0.0035287234340086737
2024-05-28,-7.602114325133691e-05
2024-05-29,-0.00930515735826043
2024-05-30,-0.0024296030853852013
2024-05-31,0.010184319311849599
2024-06-03,-0.0027433019378640955
2024-06-04,0.0018390041253477651
2024-06-05,0.005106646313254748
2024-06-06,0.0021518642313298475
2024-06-07,-0.008946118922890656
2024-06-10,0.0021905870280627404
2024-06-11,0.0025146785210770073
2024-06-12,0.007869490400297385
2024-06-13,0.004013351211972882
2024-06-14,0.0013388001708720676
2024-06-17,0.002051509576463717
2024-06-18,0.004942140554269336
2024-06-20,-0.0028293121442338753
2024-06-21,-0.002361611241968653
2024-06-24,0.0015014358143370377
2024-06-25,0.0004239913437769083
2024-06-26,-0.003536649920013679
2024-06-27,0.0033485472558363316
2024-06-28,-0.006389980034749665
2024-07-01,-0.0014805516708283895
2024-07-02,0.006040729018260249
2024-07-03,0.007242292818765428
2024-07-05,0.0064033266999505845
2024-07-08,-0.00116178354023877
2024-07-09,-0.0023112747177193027
2024-07-10,0.006666599792054306
2024-07-11,0.003612766395040712
2024-07-12,0.004394804183560419
2024-07-15,-0.0014864875193559834
2024-07-16,0.010219673904915183
2024-07-17,-0.0014573777760503726
2024-07-18,-0.00896468472310974
2024-07-19,-0.0076701307742576
2024-07-22,0.003945860900790521
2024-07-23,-0.002713403015765503
2024-07-24,-0.012737370242827839
2024-07-25,0.0013268557277914539
2024-07-26,0.008716460870576759
2024-07-29,0.0009416614348241037
2024-07-30,0.0010509935350189181
2024-07-31,0.01068863898678507
2024-08-01,-0.00563132780034703
2024-08-02,-0.0036526160241340255
2024-08-05,-0.015295440794759863
2024-08-06,-0.0008187596369675365
2024-08-07,-0.00012693110236638994
2024-08-08,0.015938276412567953
2024-08-09,0.004173139675409221
2024-08-12,0.0017409693139263105
2024-08-13,0.009031764401252529
2024-08-14,0.0016559057528684473
2024-08-15,0.011577849446471111
2024-08-16,0.0010612353399042096
2024-08-19,0.006081066713889749
2024-08-20,-0.0023502764158923606
2024-08-21,0.0027382912055016195
2024-08-22,-0.004126137859933543
2024-08-23,0.015133721542301082
2024-08-26,0.0008999814499990322
2024-08-27,0.0006034206384715191
2024-08-28,-0.006031661254974008
2024-08-29,0.004280013650013181
2024-08-30,0.002068692412611206
2024-09-03,-0.015960940574855087
2024-09-04,-0.0027972058112225584
2024-09-05,-0.0011284431254561245
2024-09-06,-0.01332744652435347
2024-09-09,0.010247785170611534
2024-09-10,0.00404779668225097
2024-09-11,0.008206282518107066
2024-09-12,0.00907473506836709
2024-09-13,0.0061445297081212935
2024-09-16,0.0023028777854794402
2024-09-17,-0.0005137529428893561
2024-09-18,-0.003272883173281227
2024-09-19,0.013978650209606203
2024-09-20,-0.001669111294923642
2024-09-23,0.0038932697222302526
2024-09-24,0.004961878159767341
2024-09-25,-0.0043582537161610535
2024-09-26,-0.00027945348302993445
2024-09-27,5.522809176761179e-05
2024-09-30,0.003225822006484469
2024-10-01,-0.004510152602185791
2024-10-02,0.0009475404094665407
2024-10-03,-0.0013160453693483731
2024-10-04,0.005042221990378293
2024-10-07,-0.006148070761197388
2024-10-08,0.0023032321316758253
2024-10-09,0.0042733007430357794
2024-10-10,-0.000400732848969354
2024-10-11,0.006965906541234856
2024-10-14,0.003757371347054228
2024-10-15,-0.005023714625172149
2024-10-16,0.005304204632269327
2024-10-17,-0.0007102109991944383
2024-10-18,0.0031123755353446025
2024-10-21,-0.006493755949162017
2024-10-22,0.0026474918641770095
2024-10-23,-0.0054626696003524655
2024-10-24,0.0012385261235203782
2024-10-25,-0.0022650295930177755
2024-10-28,-0.00028323775893079883
2024-10-29,-0.0013445040035232614
2024-10-30,0.0006572542245073532
2024-10-31,-0.01371769853460092
2024-11-01,-0.0006002652098164862
2024-11-04,0.0027266376947607807
2024-11-05,0.011380041549329034
2024-11-06,0.012472956396125001
2024-11-07,0.008386443052810444
2024-11-08,0.0050509890957313175
2024-11-11,-0.0010790978747855506
2024-11-12,-0.00714775388399147
2024-11-13,0.0011968672875282138
2024-11-14,-0.00613163868378519
2024-11-15,-0.00871923453465473
2024-11-18,0.005973429726788604
2024-11-19,0.00269004904056791
2024-11-20,0.0004645302678407681
2024-11-21,0.007120272312448828
2024-11-22,0.005370253673494307
2024-11-25,0.0057208805887825065
2024-11-26,0.0038067126141894114
2024-11-27,-0.0014437352434542028
2024-11-29,0.0031602748150612037
2024-12-02,-0.0030773344544320347
2024-12-03,-7.019779552286387e-05
2024-12-04,0.0038782522684510656
2024-12-05,-0.0015560107971549497
2024-12-06,-2.0823042357509536e-05
2024-12-09,-0.002421161570566377
2024-12-10,-0.0033050219437088524
2024-12-11,0.007458951538486858
2024-12-12,-0.005783578449488624
2024-12-13,0.00025690479520124043
2024-12-16,0.0016497044204182298
2024-12-17,-0.0047263943250420715
2024-12-18,-0.025843742286309146
2024-12-19,-0.0012098430108050673
2024-12-20,0.008173042314157719
2024-12-23,0.00462892014292926
2024-12-24,0.008771483962079163
2024-12-26,0.0006511881509372319
2024-12-27,-0.006324267632266345
2024-12-30,-0.007342328063335124
2024-12-31,-0.0017569686515599425
2025-01-02,-0.0009919893680726544
2025-01-03,0.00792832253138731
2025-01-06,0.0053294801855356955
2025-01-07,-0.00657803221083475
2025-01-08,0.0006695709792610138
2025-01-10,-0.010272653909426555
2025-01-13,0.0038499927056623306
2025-01-14,0.0029991009345966546
2025-01-15,0.01356936306553691
2025-01-16,0.005623445444563613
2025-01-17,0.0028086046175535007
2025-01-21,0.011732655393175362
2025-01-22,-0.004385921374615465
2025-01-23,0.0030287836686382352
2025-01-24,0.0020273091540190524
2025-01-27,-0.0003658824476100442
2025-01-28,-0.0011043504178478436
2025-01-29,-0.00453376982858944
2025-01-30,0.007424523273235062
2025-01-31,-0.005057411702355075
2025-02-03,-0.0020906834814803377
2025-02-04,0.005031690224505558
2025-02-05,0.008285496356766009
2025-02-06,0.0024170634854050466
2025-02-07,-0.006557774240687819
2025-02-10,0.005378728682143841
2025-02-11,0.0009685596051707268
2025-02-12,-0.006628231364399495
2025-02-13,0.011350564718902945
2025-02-14,0.0005479290665280079
2025-02-18,0.002517939807505032
2025-02-19,0.0018519478382319488
2025-02-20,0.0003015488613133943
2025-02-21,-0.010494512572536197
2025-02-24,-0.002270580201177097
2025-02-25,0.0011137748531915292
2025-02-26,-0.000657373589475041
2025-02-27,-0.009154101239743362
2025-02-28,0.009820632016062536
2025-03-03,-0.006921138695243911
2025-03-04,-0.00795234198192829
2025-03-05,0.006704033718333502
2025-03-06,-0.01720152988648893
2025-03-07,0.005122557913431747
2025-03-10,-0.01568533484637491
2025-03-11,-0.007434499877438605
2025-03-12,-0.0006787845076049459
2025-03-13,-0.00941505597183212
2025-03-14,0.013029971619779257
2025-03-17,0.009336622972285102
2025-03-18,-0.005491025405431116
2025-03-19,0.007062162125682558
2025-03-20,-0.0006511879863401182
2025-03-21,-0.0036724753304269164
2025-03-24,0.009868582314908725
2025-03-25,-0.0011689442222916346
2025-03-26,-0.004404360136671004
2025-03-27,-0.0019608244813965614
2025-03-28,-0.007927055354806978
2025-03-31,0.00967938749206021
2025-04-01,0.00204310952944442
2025-04-02,0.0050402038599211
2025-04-03,-0.03419272945321583
2025-04-04,-0.04033306821671456
2025-04-07,-0.014971143098199247
2025-04-08,-0.017435130698729373
2025-04-09,0.0559116497588259
2025-04-10,-0.025291596050799336
2025-04-11,0.013335087073486962
2025-04-14,0.00827781000422978
2025-04-15,-0.0010017006829601272
2025-04-16,-0.003913475561617141
2025-04-17,7.602215995783368e-05
2025-04-21,-0.018605131091838922
2025-04-22,0.016087360730047573
2025-04-23,0.005360038093568109
2025-04-24,0.011453205498935137
2025-04-25,0.002706770610145126
2025-04-28,0.0015317248603239353
2025-04-29,0.0020537483117333277
2025-04-30,-0.004897632075327674
2025-05-01,0.002577347155297005
2025-05-02,0.0067530286883557
2025-05-05,-0.004243334286270883
2025-05-06,-0.0005670217896970309
2025-05-07,0.00027419851722054744
2025-05-08,0.0034602968875558915
2025-05-09,0.003362014914352063
2025-05-12,0.016160721090813013
2025-05-13,0.004239406423788061
2025-05-14,-0.004644978382498333
2025-05-15,0.004898830378221808
2025-05-16,0.003989972774895989
2025-05-19,0.0018333461363917447
2025-05-20,0.00273308399005856
2025-05-21,-0.0131885300830763
2025-05-22,-0.0019018931602968747
2025-05-23,-0.0002406676027749688
2025-05-27,0.01219558951331301
2025-05-28,-0.006603760488915311
2025-05-29,0.002391558412043304
2025-05-30,-0.0023648831033868944
2025-06-02,0.009655185581108006
2025-06-03,0.002910436342056899
2025-06-04,0.0001298750958209638
2025-06-05,-0.0002392553236382211
2025-06-06,0.00806769296763088
2025-06-09,0.0014720613767800206
2025-06-10,0.0033255643622414066
2025-06-11,0.0027351105574635604
2025-06-12,0.0036073904110589528
2025-06-13,-0.003778945946387391
2025-06-16,0.0043752345593781605
2025-06-17,0.0010189387627710378
2025-06-18,0.0005934760500809766
2025-06-20,-0.0002406901123164218
2025-06-23,-0.0012108674104449602
2025-06-24,0.0037532453612743044
2025-06-25,-0.0001555522003042764
2025-06-26,0.007139096639970699
2025-06-27,0.002037799912099514
2025-06-30,0.005155817241428995
2025-07-01,0.0027122862622668276
2025-07-02,0.004564481412963728
2025-07-03,0.00409425043115319
2025-07-07,-0.006787970926197429
2025-07-08,-0.0004875248122672149
2025-07-09,0.004849196387165966
2025-07-10,0.0010504569727376456
2025-07-11,-0.001616726149653136
2025-07-14,0.002385467223905202
2025-07-15,-0.007105356896906834
2025-07-16,0.004648785087509655
2025-07-17,0.0049855178530004984
2025-07-18,-0.0006639135499376669
2025-07-21,0.0022038306615181913
2025-07-22,0.003979457319810642
2025-07-23,0.006042683492651246
2025-07-24,-0.002034804852819927
2025-07-25,0.0015659633908906567
2025-07-28,-0.0027724920090195226
2025-07-29,0.0031325566896145407
2025-07-30,-0.004662393041471091
2025-07-31,-0.007906094713531542
2025-08-01,-0.012648064825993788
2025-08-04,0.012442470210090484
2025-08-05,-0.0024982628169389898
2025-08-06,0.0023840210869079392
2025-08-07,7.882605612596905e-05
2025-08-08,0.0027652265642321705
2025-08-11,-0.002656319396078022
2025-08-12,0.006474726638597161
2025-08-13,0.0058071874601117734
2025-08-14,-0.0016406408487061874
2025-08-15,-0.0009432117718921607
2025-08-18,-0.0019310253805356892
2025-08-19,-0.000206457452695763
2025-08-20,0.0008503148176755015
2025-08-21,-0.0025437765398477197
2025-08-22,0.014742312470519714
2025-08-25,-0.003971632054707075
2025-08-26,0.0008026831269254409
2025-08-27,0.0025725213414651282
2025-08-28,0.0030460110939520835
2025-08-29,-0.002805199309999562
2025-09-02,-0.0055411051909541875
2025-09-03,0.0021545066258530365
2025-09-04,0.006266032277838285
2025-09-05,0.0007606942885223233
2025-09-08,0.0031483687986428865
2025-09-09,0.0012176190256709685
2025-09-10,0.0008076396648726281
2025-09-11,0.009528457668495749
2025-09-12,-0.002134688708721577
2025-09-15,0.0030768853841320887
2025-09-16,-0.0007905294114991523
2025-09-17,-0.0009432966436042634
2025-09-18,0.0009285711863797896
2025-09-19,-0.00022346384873528358
2025-09-22,0.0014125924548877844
2025-09-23,0.001223496407147806
2025-09-24,-0.003831564973024615
2025-09-25,-0.0020306022826508396
2025-09-26,0.005227203906703171
2025-09-29,0.0014966457460012794
2025-09-30,0.0015025212190489246
2025-10-01,0.0018139558969756386
2025-10-02,-0.0006385699573416836
2025-10-03,0.00196722470032773
2025-10-06,-0.0010535922633782002
2025-10-07,-0.0012248611618427274
2025-10-08,0.0011635753967300655
2025-10-09,-0.0037422357847121113
2025-10-10,-0.013791965944265794
2025-10-13,0.010154401478385644
2025-10-14,-0.0007352242148298549
2025-10-15,0.00474631763984501
2025-10-16,-0.0012966225035639933
2025-10-17,0.002931180030898206
2025-10-20,0.00893452022809238
2025-10-21,-0.0012022202867586484
2025-10-22,0.0011544924778157384
2025-10-23,0.003975102559142796
2025-10-24,0.004257271907462279
2025-10-27,0.006408608794497894
2025-10-28,-0.002697053436907626
2025-10-29,-0.005253922807529787
2025-10-30,-0.0054699479636068915
2025-10-31,0.002507895074029154
2025-11-03,0.0016416771081040338
2025-11-04,-0.006276454328696945
2025-11-05,-0.001342842132924349
2025-11-06,-0.0036709593889063807
2025-11-07,0.004539328284209887
2025-11-10,0.011032516272511117
2025-11-11,0.006477002417617728
2025-11-12,-0.0011824043771505588
2025-11-13,-0.013233498241247643
2025-11-14,-0.0013432691603321167
2025-11-17,-0.008270232834187041
2025-11-18,-0.002670748691371294
2025-11-19,-0.001863477827775073
2025-11-20,-0.010339025054181161
2025-11-21,0.007957933022707309
2025-11-24,0.008981185004078185
2025-11-25,0.006899091253470768
2025-11-26,0.007362586981437769
2025-11-28,0.006972279342165377
2025-12-01,-0.004804062229044392
2025-12-02,2.426383890163919e-05
2025-12-03,0.004101264502312629
2025-12-04,3.640096199619691e-05
2025-12-05,0.001863382631609456
2025-12-08,-0.005738588861017413
2025-12-09,-0.001014725921547055
2025-12-10,0.0048018804839009555
2025-12-11,0.0007971653041116689
2025-12-12,-0.008877185976124746
2025-12-15,-0.0006810583278227256
2025-12-16,-0.002139978609449922
2025-12-17,-0.00292432355486838
2025-12-18,0.0027556664418766363
2025-12-19,0.0029444689023370163
2025-12-22,0.004511988231060471
2025-12-23,0.003381731001868671
2025-12-24,0.004331118481005536
2025-12-26,-0.0001896459141351725
2025-12-29,-0.0012363376124822079
2025-12-30,0.0001414486571980067
2025-12-31,-0.008473524001508581
2026-01-02,9.07895549171478e-05
2026-01-05,0.006836132016905916
2026-01-06,0.0038426298757709976
2026-01-07,-0.0027809234526252613
2026-01-08,0.00181257609175689
2026-01-09,0.006297666204010843
2026-01-12,0.006359525122127563
2026-01-13,-0.0015136547955214574
2026-01-14,-0.0001331146458198873
2026-01-15,-0.00048075180590778643
2026-01-16,-0.0009373561425183308
2026-01-20,-0.00593695219244772
2026-01-21,0.011872362582403095
2026-01-22,0.005777928430946266
2026-01-23,0.005910255690490418
2026-01-26,0.006153558526720282
2026-01-27,0.0095388557009497
2026-01-28,0.005059241045319629
2026-01-29,0.00315091037318882
2026-01-30,-0.022590845000114768
2026-02-02,-0.00675576726897098
2026-02-03,0.007989569475241431
2026-02-04,-0.0017542346719373603
2026-02-05,-0.01519187081463036
2026-02-06,0.020255761632989033
2026-02-09,0.009612357414991335
2026-02-10,0.0004473661510653315
2026-02-11,0.0014511704134667625
2026-02-12,-0.01192384345895059
2026-02-13,0.0035010880721193516
2026-02-17,-0.003300790455247782
2026-02-18,0.00861169112540483
2026-02-19,0.0005885631059132646
2026-02-20,0.005131283102447259
2026-02-23,-0.0032939078778349007
2026-02-24,0.003295083726125414
2026-02-25,0.00394849566645239
2026-02-26,-0.00016181053961228375
2026-02-27,0.0013635906370104145
2026-03-02,0.005499344003669027
2026-03-03,-0.005439404041206353
2026-03-04,0.004910397285627477
2026-03-05,-0.0031547420094589773
2026-03-06,0.003465991086414766
2026-03-09,0.0019645785269455374
2026-03-10,0.0020685562630500254
2026-03-11,0.00021929153632260778
2026-03-12,-0.006787249427307462
2026-03-13,-0.0037152296734870305
2026-03-16,0.006955256075871663
2026-03-17,0.004976008569410162
2026-03-18,-0.009295251561343476
2026-03-19,-0.0027351934883452778
2026-03-20,-0.018349809143510698
2026-03-23,0.0038558921891553855
2026-03-24,-0.002878904019321671
2026-03-25,0.0040856677481848624
2026-03-26,-0.010396840282556385
2026-03-27,-0.009011182205639567
2026-03-30,0.0014899276193980349
2026-03-31,0.017077329010936726
2026-04-01,0.004247732387040681
2026-04-02,0.007376540954862509
2026-04-06,0.0030670476619649722
2026-04-07,8.73973793249494e-05
2026-04-08,0.014867321104258702
2026-04-09,0.004764916722789225
2026-04-10,-0.0005325874278878651
2026-04-13,0.00826639754632863
2026-04-14,0.005989865433896346
2026-04-15,0.001240325138413878
2026-04-16,0.00205150210068461
2026-04-17,0.005092041489318744
2026-04-20,0.002472099575109965
2026-04-21,-0.0018326221592565028
2026-04-22,0.006347396735909561
2026-04-23,0.0009986174586025243
2026-04-24,0.0018038780996767478
2026-04-27,0.0003636912588833585
2026-04-28,0.0010474535970186327
2026-04-29,0.0013863817987700422
2026-04-30,0.007743009741691509
2026-05-01,-0.001368163124467081
2026-05-04,-0.0023211991586001846
2026-05-05,0.004450057070924718
2026-05-06,0.0029922994622009202
2026-05-07,-0.0036705761932195324
2026-05-08,0.004026871875522975
2026-05-11,0.004988464665650394
2026-05-12,-0.0009631441237505367
2026-05-13,0.0012610013023124367
2026-05-14,0.0043698339251387885
2026-05-15,-0.011615822872280357
2026-05-18,0.0006951173855236359
2026-05-19,-0.004655402614552551
2026-05-20,0.00911160313704662
2026-05-21,0.002448616003109194
2026-05-22,0.0037787700366533894
2026-05-26,0.004161974475800356
2026-05-27,-0.0008602080361233
2026-05-28,0.004540505854861765
2026-05-29,0.0019257754592845178
2026-06-01,0.0022739693971809416
2026-06-02,0.0034128889854618816
2026-06-03,-0.005178458866568092
2026-06-04,0.003972355773393277
2026-06-05,-0.021217953302424597
2026-06-08,0.00224641796817604
2026-06-09,-0.0016998653566088207
2026-06-10,-0.012105831754429364
2026-06-11,0.01621844778352166
2026-06-12,0.0031702302308562746
2026-06-15,0.011212361036582186
2026-06-16,-0.003558280736256636
2026-06-17,-0.008818979844091412
2026-06-18,0.008170082919636723
2026-06-22,-0.0022040887402119402
2026-06-23,-0.010081390216549857
2026-06-24,0.00025887452800477107
2026-06-25,0.003907532330511776
2026-06-26,-0.005552330903400349
2026-06-29,0.01044110001730636
2026-06-30,0.0027341953437891586
2026-07-01,-0.0049817455262728405
2026-07-02,-9.427959080565707e-05
