fold,train_start,train_end,test_start,test_end,n_train_rows,n_test_rows,n_dates_test,mean_rank_ic,precision_at_3
0,2018-01-02,2019-01-02,2019-01-03,2019-02-01,1260,210,21,0.44473304473304465,0.44444444444444436
1,2018-01-02,2019-02-01,2019-02-04,2019-03-05,1470,210,21,0.18383838383838386,0.3174603174603174
2,2018-01-02,2019-03-05,2019-03-06,2019-04-03,1680,210,21,0.3841269841269841,0.33333333333333326
3,2018-01-02,2019-04-03,2019-04-04,2019-05-03,1890,210,21,-0.26464646464646463,0.15873015873015875
4,2018-01-02,2019-05-03,2019-05-06,2019-06-04,2100,210,21,0.2698412698412698,0.4126984126984127
5,2018-01-02,2019-06-04,2019-06-05,2019-07-03,2310,210,21,0.26176046176046175,0.42857142857142855
6,2018-01-02,2019-07-03,2019-07-05,2019-08-02,2520,210,21,-0.051659451659451655,0.23809523809523808
7,2018-01-02,2019-08-02,2019-08-05,2019-09-03,2730,210,21,0.2981240981240981,0.2698412698412698
8,2018-01-02,2019-09-03,2019-09-04,2019-10-02,2940,210,21,-0.21154401154401153,0.047619047619047616
9,2018-01-02,2019-10-02,2019-10-03,2019-10-31,3150,210,21,0.6290673647067869,0.4761904761904761
10,2018-01-02,2019-10-31,2019-11-01,2019-12-02,3360,210,21,0.0759018759018759,0.3333333333333333
11,2018-01-02,2019-12-02,2019-12-03,2020-01-02,3570,210,21,0.22308802308802309,0.3333333333333333
12,2018-01-02,2020-01-02,2020-01-03,2020-02-03,3780,210,21,-0.11341991341991339,0.22222222222222218
13,2018-01-02,2020-02-03,2020-02-04,2020-03-04,3990,210,21,-0.27503607503607497,0.1746031746031746
14,2018-01-02,2020-03-04,2020-03-05,2020-04-02,4200,210,21,0.3090909090909091,0.34920634920634913
15,2018-01-02,2020-04-02,2020-04-03,2020-05-04,4410,210,21,0.29696969696969694,0.3174603174603174
16,2018-01-02,2020-05-04,2020-05-05,2020-06-03,4620,210,21,0.2756132756132756,0.23809523809523805
17,2018-01-02,2020-06-03,2020-06-04,2020-07-02,4830,210,21,-0.129004329004329,0.22222222222222218
18,2018-01-02,2020-07-02,2020-07-06,2020-08-03,5040,210,21,0.14747474747474745,0.38095238095238093
19,2018-01-02,2020-08-03,2020-08-04,2020-09-01,5250,210,21,0.26002886002886,0.42857142857142855
20,2018-01-02,2020-09-01,2020-09-02,2020-10-01,5460,210,21,0.4574314574314574,0.5396825396825398
21,2018-01-02,2020-10-01,2020-10-02,2020-10-30,5670,210,21,-0.1544011544011544,0.22222222222222218
22,2018-01-02,2020-10-30,2020-11-02,2020-12-01,5880,210,21,0.12669552669552664,0.4444444444444445
23,2018-01-02,2020-12-01,2020-12-02,2020-12-31,6090,210,21,-0.004329004329004329,0.2539682539682539
24,2018-01-02,2020-12-31,2021-01-04,2021-02-02,6300,210,21,0.3766233766233766,0.3174603174603174
25,2018-01-02,2021-02-02,2021-02-03,2021-03-04,6510,210,21,0.05858585858585858,0.11111111111111112
26,2018-01-02,2021-03-04,2021-03-05,2021-04-05,6720,210,21,0.01587301587301587,0.2539682539682539
27,2018-01-02,2021-04-05,2021-04-06,2021-05-04,6930,210,21,0.045273346557856135,0.15873015873015875
28,2018-01-02,2021-05-04,2021-05-05,2021-06-03,7140,210,21,-0.13535353535353534,0.2539682539682539
29,2018-01-02,2021-06-03,2021-06-04,2021-07-02,7350,210,21,0.10995670995670992,0.34920634920634913
30,2018-01-02,2021-07-02,2021-07-06,2021-08-03,7560,210,21,0.0043290043290043125,0.3809523809523809
31,2018-01-02,2021-08-03,2021-08-04,2021-09-01,7770,210,21,-0.10533910533910533,0.15873015873015875
32,2018-01-02,2021-09-01,2021-09-02,2021-10-01,7980,210,21,0.11572871572871571,0.492063492063492
33,2018-01-02,2021-10-01,2021-10-04,2021-11-01,8190,210,21,0.3339105339105338,0.46031746031746035
34,2018-01-02,2021-11-01,2021-11-02,2021-12-01,8400,210,21,0.25714285714285706,0.34920634920634924
35,2018-01-02,2021-12-01,2021-12-02,2021-12-31,8610,210,21,-0.06955266955266953,0.2698412698412698
36,2018-01-02,2021-12-31,2022-01-03,2022-02-01,8820,210,21,-0.21212121212121207,0.15873015873015875
37,2018-01-02,2022-02-01,2022-02-02,2022-03-03,9030,210,21,0.013564213564213562,0.23809523809523808
38,2018-01-02,2022-03-03,2022-03-04,2022-04-01,9240,210,21,0.062049062049062034,0.22222222222222218
39,2018-01-02,2022-04-01,2022-04-04,2022-05-03,9450,210,21,-0.0932178932178932,0.34920634920634913
40,2018-01-02,2022-05-03,2022-05-04,2022-06-02,9660,210,21,0.10649350649350645,0.3809523809523809
41,2018-01-02,2022-06-02,2022-06-03,2022-07-05,9870,210,21,0.1642135642135642,0.5238095238095236
42,2018-01-02,2022-07-05,2022-07-06,2022-08-03,10080,210,21,0.3974025974025974,0.6031746031746031
43,2018-01-02,2022-08-03,2022-08-04,2022-09-01,10290,210,21,-0.07116654669331536,0.19047619047619047
44,2018-01-02,2022-09-01,2022-09-02,2022-10-03,10500,210,21,0.1393939393939394,0.3333333333333333
45,2018-01-02,2022-10-03,2022-10-04,2022-11-01,10710,210,21,0.05339105339105338,0.2698412698412698
46,2018-01-02,2022-11-01,2022-11-02,2022-12-01,10920,210,21,-0.27503607503607497,0.14285714285714285
47,2018-01-02,2022-12-01,2022-12-02,2023-01-03,11130,210,21,0.03261183261183261,0.19047619047619047
48,2018-01-02,2023-01-03,2023-01-04,2023-02-02,11340,210,21,0.3650793650793651,0.42857142857142855
49,2018-01-02,2023-02-02,2023-02-03,2023-03-06,11550,210,21,-0.28658008658008655,0.047619047619047616
50,2018-01-02,2023-03-06,2023-03-07,2023-04-04,11760,210,21,0.23751803751803754,0.42857142857142855
51,2018-01-02,2023-04-04,2023-04-05,2023-05-04,11970,210,21,0.21904761904761902,0.4920634920634919
52,2018-01-02,2023-05-04,2023-05-05,2023-06-05,12180,210,21,0.3275613275613275,0.507936507936508
53,2018-01-02,2023-06-05,2023-06-06,2023-07-06,12390,210,21,0.2975468975468975,0.2857142857142857
54,2018-01-02,2023-07-06,2023-07-07,2023-08-04,12600,210,21,0.151883699100595,0.38095238095238093
55,2018-01-02,2023-08-04,2023-08-07,2023-09-05,12810,210,21,-0.07186147186147188,0.2539682539682539
56,2018-01-02,2023-09-05,2023-09-06,2023-10-04,13020,210,21,0.26233766233766226,0.34920634920634913
57,2018-01-02,2023-10-04,2023-10-05,2023-11-02,13230,210,21,0.09872941203645237,0.46031746031746035
58,2018-01-02,2023-11-02,2023-11-03,2023-12-04,13440,210,21,-0.2681096681096681,0.031746031746031744
59,2018-01-02,2023-12-04,2023-12-05,2024-01-04,13650,210,21,0.5007215007215007,0.7142857142857142
60,2018-01-02,2024-01-04,2024-01-05,2024-02-05,13860,210,21,0.4955266955266954,0.5555555555555555
61,2018-01-02,2024-02-05,2024-02-06,2024-03-06,14070,210,21,0.3425685425685425,0.3333333333333333
62,2018-01-02,2024-03-06,2024-03-07,2024-04-05,14280,210,21,-0.2911976911976912,0.11111111111111112
63,2018-01-02,2024-04-05,2024-04-08,2024-05-06,14490,210,21,0.3523809523809523,0.42857142857142855
64,2018-01-02,2024-05-06,2024-05-07,2024-06-05,14700,210,21,0.4528138528138528,0.6666666666666665
65,2018-01-02,2024-06-05,2024-06-06,2024-07-08,14910,210,21,-0.11457431457431454,0.20634920634920637
66,2018-01-02,2024-07-08,2024-07-09,2024-08-06,15120,210,21,-0.33564213564213563,0.15873015873015875
67,2018-01-02,2024-08-06,2024-08-07,2024-09-05,15330,210,21,-0.02395382395382395,0.20634920634920634
68,2018-01-02,2024-09-05,2024-09-06,2024-10-04,15540,210,21,0.49148629148629147,0.5079365079365079
69,2018-01-02,2024-10-04,2024-10-07,2024-11-04,15750,210,21,0.5393939393939394,0.603174603174603
70,2018-01-02,2024-11-04,2024-11-05,2024-12-04,15960,210,21,0.3246753246753246,0.5396825396825398
71,2018-01-02,2024-12-04,2024-12-05,2025-01-06,16170,210,21,-0.05974025974025973,0.15873015873015875
72,2018-01-02,2025-01-06,2025-01-07,2025-02-06,16380,210,21,-0.18845598845598843,0.12698412698412698
73,2018-01-02,2025-02-06,2025-02-07,2025-03-10,16590,210,21,-0.6132756132756133,0.0
74,2018-01-02,2025-03-10,2025-03-11,2025-04-08,16800,210,21,-0.3205518991096314,0.20634920634920634
75,2018-01-02,2025-04-08,2025-04-09,2025-05-08,17010,210,21,0.3604617604617605,0.5873015873015872
76,2018-01-02,2025-05-08,2025-05-09,2025-06-09,17220,210,21,0.12150072150072148,0.22222222222222218
77,2018-01-02,2025-06-09,2025-06-10,2025-07-10,17430,210,21,0.5255411255411255,0.523809523809524
78,2018-01-02,2025-07-10,2025-07-11,2025-08-08,17640,210,21,0.21616161616161614,0.3015873015873015
79,2018-01-02,2025-08-08,2025-08-11,2025-09-09,17850,210,21,-0.22308802308802303,0.22222222222222218
80,2018-01-02,2025-09-09,2025-09-10,2025-10-08,18060,210,21,0.12958152958152958,0.42857142857142855
81,2018-01-02,2025-10-08,2025-10-09,2025-11-06,18270,210,21,-0.07705627705627706,0.1746031746031746
82,2018-01-02,2025-11-06,2025-11-07,2025-12-08,18480,210,21,-0.09437229437229437,0.14285714285714285
83,2018-01-02,2025-12-08,2025-12-09,2026-01-08,18690,210,21,-0.4010608371284294,0.015873015873015872
84,2018-01-02,2026-01-08,2026-01-09,2026-02-09,18900,210,21,-0.21968719608719176,0.3174603174603174
85,2018-01-02,2026-02-09,2026-02-10,2026-03-11,19110,210,21,-0.1694083694083694,0.20634920634920634
86,2018-01-02,2026-03-11,2026-03-12,2026-04-10,19320,210,21,-0.1116883116883117,0.19047619047619047
87,2018-01-02,2026-04-10,2026-04-13,2026-05-11,19530,210,21,0.16479076479076477,0.492063492063492
88,2018-01-02,2026-05-11,2026-05-12,2026-06-10,19740,210,21,0.20646464646464638,0.24444444444444444
