Slice,Strategy,Start,End,N_Days,Total_Return,Annualised_Return,Annualised_Volatility,Sharpe_Ratio,Max_Drawdown
Year_2018,Minvariance,2018-01-01,2018-12-31,251,0.0,0.0,0.0,0.0,0.0
Year_2019,Minvariance,2019-01-01,2019-12-31,252,0.19522711318824104,0.19522711318824104,0.06316606691982808,3.0906960446979874,-0.032039658919000846
Year_2020,Minvariance,2020-01-01,2020-12-31,253,0.09273674561053591,0.09235377039070358,0.14230756300142117,0.6489730302653084,-0.184954773600693
Year_2021,Minvariance,2021-01-01,2021-12-31,252,0.08092663488453078,0.08092663488453078,0.08137823855566792,0.9944505597669306,-0.06660981542781719
Year_2022,Minvariance,2022-01-01,2022-12-31,251,-0.1376522305075798,-0.13816088844517438,0.1298299108121139,-1.0641683998775662,-0.2012509414531194
Year_2023,Minvariance,2023-01-01,2023-12-31,250,0.07149983925827041,0.07209197978191773,0.09553240466979296,0.7546337813970361,-0.09257203478197196
Year_2024,Minvariance,2024-01-01,2024-12-31,252,0.09838159243114397,0.09838159243114397,0.08797235740649782,1.1183239296015193,-0.051238321903311124
Year_2025,Minvariance,2025-01-01,2025-12-31,250,0.13515822958122792,0.1363100642558812,0.09763974711084153,1.396050976055282,-0.09438673569019462
Year_2026,Minvariance,2026-01-01,2026-12-31,120,0.10535151393194697,0.2341014479131147,0.08901667557596671,2.6298606008189203,-0.04355045295386328
COVID_Crash,Minvariance,2020-02-01,2020-04-30,62,-0.051851706784297735,-0.19459704869061556,0.2467590635374941,-0.7886115545297783,-0.18495477360069323
COVID_Recovery,Minvariance,2020-05-01,2020-12-31,170,0.1369926549985434,0.20962994654573186,0.08837058724264109,2.3721687621034615,-0.06502973132411083
Bear_2022,Minvariance,2022-01-01,2022-10-31,209,-0.1930209160667674,-0.22785302913797167,0.12526416604938617,-1.81898013074337,-0.2012509414531194
Bull_2019,Minvariance,2019-01-01,2019-12-31,252,0.19522711318824104,0.19522711318824104,0.06316606691982808,3.0906960446979874,-0.032039658919000846
Bull_Late_2023,Minvariance,2023-11-01,2023-12-31,41,0.08982308401373196,0.6966909679829989,0.0962960529826103,7.2348860249631555,-0.013954116629039115
Year_2018,Equalweight,2018-01-01,2018-12-31,251,0.0,0.0,0.0,0.0,0.0
Year_2019,Equalweight,2019-01-01,2019-12-31,252,0.23800874164867736,0.23800874164867736,0.08349074660678953,2.8507200057703437,-0.04129672415904517
Year_2020,Equalweight,2020-01-01,2020-12-31,253,0.1676069455295004,0.16689203380459583,0.24858347880015702,0.6713721869616478,-0.26760844828081876
Year_2021,Equalweight,2021-01-01,2021-12-31,252,0.16917670796840012,0.16917670796840012,0.10518227669984705,1.6084145853884728,-0.05078341985849322
Year_2022,Equalweight,2022-01-01,2022-12-31,251,-0.1527145618663026,-0.15327378020790616,0.1764845763669632,-0.8684825799689432,-0.21557076227836147
Year_2023,Equalweight,2023-01-01,2023-12-31,250,0.16107903171956695,0.16246711590868612,0.1095812996290542,1.4826171660553098,-0.0987472753723122
Year_2024,Equalweight,2024-01-01,2024-12-31,252,0.11391964869241633,0.11391964869241633,0.10143951086169026,1.1230303431543787,-0.05618752981492059
Year_2025,Equalweight,2025-01-01,2025-12-31,250,0.20927486691265318,0.2111145648364292,0.1320249660243999,1.5990503250530097,-0.12827249360022996
Year_2026,Equalweight,2026-01-01,2026-12-31,120,0.12041270205092491,0.2696787464945354,0.13587526785724907,1.9847522713100416,-0.06654515371257064
COVID_Crash,Equalweight,2020-02-01,2020-04-30,62,-0.08679534587336823,-0.3086014374648548,0.4383780703427513,-0.7039618501527026,-0.26760844828081887
COVID_Recovery,Equalweight,2020-05-01,2020-12-31,170,0.2859067336351657,0.4517337712394325,0.1468495145116086,3.0761679583470634,-0.06492191636274935
Bear_2022,Equalweight,2022-01-01,2022-10-31,209,-0.1787194270174629,-0.2113234966729166,0.17266383032212282,-1.2239013595300767,-0.21557076227836147
Bull_2019,Equalweight,2019-01-01,2019-12-31,252,0.23800874164867736,0.23800874164867736,0.08349074660678953,2.8507200057703437,-0.04129672415904517
Bull_Late_2023,Equalweight,2023-11-01,2023-12-31,41,0.13216514915856892,1.144608035986074,0.11783430785092097,9.713707805999794,-0.014864490998316215
Year_2018,Riskparity,2018-01-01,2018-12-31,251,0.0,0.0,0.0,0.0,0.0
Year_2019,Riskparity,2019-01-01,2019-12-31,252,0.23800874164867736,0.23800874164867736,0.08349074660678953,2.8507200057703437,-0.04129672415904517
Year_2020,Riskparity,2020-01-01,2020-12-31,253,0.09953499504472041,0.0991226930325606,0.2325309046754076,0.4262775013537536,-0.26760844828081876
Year_2021,Riskparity,2021-01-01,2021-12-31,252,0.14365931868464488,0.14365931868464488,0.10165129661174326,1.4132561361548697,-0.05078341985849333
Year_2022,Riskparity,2022-01-01,2022-12-31,251,-0.15039313232605467,-0.15094462751885873,0.17196137896177796,-0.8777821417238655,-0.21412549025705574
Year_2023,Riskparity,2023-01-01,2023-12-31,250,0.15284261337341887,0.1541551171182325,0.1058025448671677,1.45700764865127,-0.09874727537231198
Year_2024,Riskparity,2024-01-01,2024-12-31,252,0.11391964869241589,0.11391964869241589,0.10143951086169027,1.1230303431543742,-0.0561875298149207
Year_2025,Riskparity,2025-01-01,2025-12-31,250,0.2092748669126545,0.21111456483643054,0.13202496602439986,1.5990503250530201,-0.12827249360022985
Year_2026,Riskparity,2026-01-01,2026-12-31,120,0.12041270205092491,0.2696787464945354,0.13587526785724907,1.9847522713100416,-0.06654515371257064
COVID_Crash,Riskparity,2020-02-01,2020-04-30,62,-0.11632715748984324,-0.39507578586219805,0.42357052998759037,-0.9327272741891954,-0.26760844828081887
COVID_Recovery,Riskparity,2020-05-01,2020-12-31,170,0.25140666872551054,0.39437279563699534,0.12052698612759993,3.272070498962609,-0.054152090824498345
Bear_2022,Riskparity,2022-01-01,2022-10-31,209,-0.18429807415761634,-0.2177783499788324,0.17052031587410565,-1.2771401980020791,-0.21412549025705574
Bull_2019,Riskparity,2019-01-01,2019-12-31,252,0.23800874164867736,0.23800874164867736,0.08349074660678953,2.8507200057703437,-0.04129672415904517
Bull_Late_2023,Riskparity,2023-11-01,2023-12-31,41,0.13216514915856803,1.1446080359860638,0.11783430785092099,9.713707805999707,-0.01486449099831666
