fold,train_start,train_end,test_start,test_end,n_train,n_test,mse,rmse,mae,r2
0,2018-01-02,2019-01-02,2019-01-03,2019-02-01,2520,210,0.0010482187800687122,0.03237620700558841,0.027817195394401674,-2.755181745927837
1,2018-01-02,2019-02-01,2019-02-04,2019-03-05,2730,210,0.00021923358148772697,0.01480653847081508,0.01167858321155474,-0.014362227844927578
2,2018-01-02,2019-03-05,2019-03-06,2019-04-03,2940,210,0.00029121267215161334,0.017064954501891102,0.014190961578090218,-0.2658529325958814
3,2018-01-02,2019-04-03,2019-04-04,2019-05-03,3150,210,0.00019951557845441,0.0141249983523684,0.010455127719544667,-0.2422010291321075
4,2018-01-02,2019-05-03,2019-05-06,2019-06-04,3360,210,0.0005365115287854383,0.02316271851025778,0.01866161333238416,-0.04411244271039427
5,2018-01-02,2019-06-04,2019-06-05,2019-07-03,3570,210,0.00040592677965514803,0.020147624665333333,0.015771276272388286,-0.5088987387490254
6,2018-01-02,2019-07-03,2019-07-05,2019-08-02,3780,210,0.0005442962835959294,0.023330158241982188,0.01652175413024825,-0.05691618921432284
7,2018-01-02,2019-08-02,2019-08-05,2019-09-03,3990,210,0.00039863919154714664,0.01996595080498664,0.016606122118171935,-0.09520470991330199
8,2018-01-02,2019-09-03,2019-09-04,2019-10-02,4200,210,0.0003373704598349886,0.018367647095776547,0.014194747298215312,-0.0703734227739925
9,2018-01-02,2019-10-02,2019-10-03,2019-10-31,4410,210,0.0003804497306040939,0.019505120625212598,0.016259875720251376,-0.8444110532905471
10,2018-01-02,2019-10-31,2019-11-01,2019-12-02,4620,210,0.00016243695812185704,0.012745075838215205,0.010146274498470513,-0.04634239063907164
11,2018-01-02,2019-12-02,2019-12-03,2020-01-02,4830,210,0.00023500957318294493,0.015330021956375174,0.012324263114229723,-0.584621486292892
12,2018-01-02,2020-01-02,2020-01-03,2020-02-03,5040,210,0.00041641017536194527,0.020406130827816067,0.016204532982298393,-0.0014062325393962016
13,2018-01-02,2020-02-03,2020-02-04,2020-03-04,5250,210,0.0031674832871467027,0.05628039878276186,0.04118371671055228,-0.27987924129364705
14,2018-01-02,2020-03-04,2020-03-05,2020-04-02,5460,210,0.010564537002813339,0.10278393358309137,0.08194578620890283,-0.06529988449332658
15,2018-01-02,2020-04-02,2020-04-03,2020-05-04,5670,210,0.001155330883826078,0.033990158631964015,0.026395688213294806,0.27143977580101486
16,2018-01-02,2020-05-04,2020-05-05,2020-06-03,5880,210,0.0015316651341265436,0.03913649363607506,0.03107104205624051,-0.4687415702850237
17,2018-01-02,2020-06-03,2020-06-04,2020-07-02,6090,210,0.0013601053120821736,0.03687960563891883,0.02859598428898106,-0.6106508604551966
18,2018-01-02,2020-07-02,2020-07-06,2020-08-03,6300,210,0.0004262105583695161,0.020644867603584097,0.01569664714462457,-0.26020017700804443
19,2018-01-02,2020-08-03,2020-08-04,2020-09-01,6510,210,0.0005367548161619221,0.023167969616734264,0.018108847610431366,-0.047730158778299
20,2018-01-02,2020-09-01,2020-09-02,2020-10-01,6720,210,0.0008346591553571732,0.02889046824399309,0.022934163541487616,0.03853349179299914
21,2018-01-02,2020-10-01,2020-10-02,2020-10-30,6930,210,0.0009722918650469838,0.031181594972787774,0.024314659842282076,0.014522896011385789
22,2018-01-02,2020-10-30,2020-11-02,2020-12-01,7140,210,0.0009023748258722756,0.030039554355420713,0.023328527347031423,-0.4487492474966128
23,2018-01-02,2020-12-01,2020-12-02,2020-12-31,7350,210,0.0003952807393168329,0.019881668423873105,0.015185290274504503,-0.3364186650944587
24,2018-01-02,2020-12-31,2021-01-04,2021-02-02,7560,210,0.00058367458351189,0.02415935809395378,0.01931740259587624,0.023001457936250524
25,2018-01-02,2021-02-02,2021-02-03,2021-03-04,7770,210,0.000602524761367979,0.024546379801672975,0.019227429266624473,0.02411583877851764
26,2018-01-02,2021-03-04,2021-03-05,2021-04-05,7980,210,0.0006347057540834177,0.025193367263694977,0.01953384611111264,-0.07863233331647801
27,2018-01-02,2021-04-05,2021-04-06,2021-05-04,8190,210,0.00027109275166275126,0.016464894523280472,0.012976912116204992,-0.1405005765674061
28,2018-01-02,2021-05-04,2021-05-05,2021-06-03,8400,210,0.00030989461542779153,0.017603823886525097,0.014346461695843764,-0.046142541095882006
29,2018-01-02,2021-06-03,2021-06-04,2021-07-02,8610,210,0.0003322707889832251,0.018228296381813225,0.014468754222088976,-0.0025684956524276714
30,2018-01-02,2021-07-02,2021-07-06,2021-08-03,8820,210,0.000298159145782695,0.01726728542020126,0.012773462809731111,0.007044273501825571
31,2018-01-02,2021-08-03,2021-08-04,2021-09-01,9030,210,0.0003869429624479211,0.019670865828628925,0.014789206238108607,-0.05452126176658667
32,2018-01-02,2021-09-01,2021-09-02,2021-10-01,9240,210,0.0003924111964579988,0.01980937143015898,0.015896231142693,-0.13705884474265773
33,2018-01-02,2021-10-01,2021-10-04,2021-11-01,9450,210,0.00038598000427070224,0.019646373819886005,0.015868720314581853,-0.5637162686794432
34,2018-01-02,2021-11-01,2021-11-02,2021-12-01,9660,210,0.0006872577776131063,0.026215601797652983,0.019683243152259153,-0.05706189308857823
35,2018-01-02,2021-12-01,2021-12-02,2021-12-31,9870,210,0.0004214459087785818,0.02052914778500515,0.01591307648540001,0.022680954658908625
36,2018-01-02,2021-12-31,2022-01-03,2022-02-01,10080,210,0.0009305382374682697,0.030504724838429042,0.02406556639338198,-0.17503760649657085
37,2018-01-02,2022-02-01,2022-02-02,2022-03-03,10290,210,0.0012382179757448504,0.035188321581809644,0.025182695705487163,-0.10848119319080074
38,2018-01-02,2022-03-03,2022-03-04,2022-04-01,10500,210,0.0011444257654936927,0.03382936247542499,0.025322625612822336,-0.028014443034298342
39,2018-01-02,2022-04-01,2022-04-04,2022-05-03,10710,210,0.0015262609318288769,0.03906738962138214,0.03233182615608418,-0.8048470426162881
40,2018-01-02,2022-05-03,2022-05-04,2022-06-02,10920,210,0.001201196258786277,0.0346582783586588,0.026017372693851286,-0.08317982796384649
41,2018-01-02,2022-06-02,2022-06-03,2022-07-05,11130,210,0.0020716428370675054,0.04551530332830383,0.03389078450191362,-0.24980809651113978
42,2018-01-02,2022-07-05,2022-07-06,2022-08-03,11340,210,0.0007660566356952149,0.027677728152708178,0.022469748347939227,-0.4907870754737065
43,2018-01-02,2022-08-03,2022-08-04,2022-09-01,11550,210,0.0009886620570150296,0.03144299694709506,0.02683030701517128,-0.1991303701453997
44,2018-01-02,2022-09-01,2022-09-02,2022-10-03,11760,210,0.0014402598503121,0.0379507555960629,0.03162030108047574,-0.20424866017797716
45,2018-01-02,2022-10-03,2022-10-04,2022-11-01,11970,210,0.0009442976464517916,0.03072942639314622,0.025624290813656688,0.06045290688526639
46,2018-01-02,2022-11-01,2022-11-02,2022-12-01,12180,210,0.001046899735114271,0.032355830001937376,0.025252784016382195,-0.17395053389103632
47,2018-01-02,2022-12-01,2022-12-02,2023-01-03,12390,210,0.0005761173921972649,0.024002445546178516,0.018709254522297304,-0.0004678981321684095
48,2018-01-02,2023-01-03,2023-01-04,2023-02-02,12600,210,0.0007618272058605332,0.027601217470621348,0.022244435655049757,-0.2460484280320998
49,2018-01-02,2023-02-02,2023-02-03,2023-03-06,12810,210,0.000565761228316109,0.023785735816159,0.018739734552464787,-0.25595321785205827
50,2018-01-02,2023-03-06,2023-03-07,2023-04-04,13020,210,0.000621834969455532,0.024936619046204558,0.020006012636214272,-0.13750954744623378
51,2018-01-02,2023-04-04,2023-04-05,2023-05-04,13230,210,0.00022928239964727172,0.01514207382254068,0.012150090571282055,-0.001650777854615093
52,2018-01-02,2023-05-04,2023-05-05,2023-06-05,13440,210,0.000405373187455614,0.0201338815794574,0.015586043346922162,-0.021569526294101582
53,2018-01-02,2023-06-05,2023-06-06,2023-07-06,13650,210,0.0004138842921461219,0.02034414638529034,0.015801531479023207,-0.013199480504828331
54,2018-01-02,2023-07-06,2023-07-07,2023-08-04,13860,210,0.0003562595302237891,0.018874838548284038,0.015328537505400445,-0.023128573842049915
55,2018-01-02,2023-08-04,2023-08-07,2023-09-05,14070,210,0.0003635328787549179,0.019066538195354654,0.0163695278655954,-0.046584315326170245
56,2018-01-02,2023-09-05,2023-09-06,2023-10-04,14280,210,0.0005432566815686127,0.023307867374957596,0.01865130792762277,-0.25369390317991636
57,2018-01-02,2023-10-04,2023-10-05,2023-11-02,14490,210,0.000834831958252726,0.028893458745064184,0.02374762042795055,0.02585689896501675
58,2018-01-02,2023-11-02,2023-11-03,2023-12-04,14700,210,0.0005135351929849712,0.022661314899735434,0.01743494338615273,-0.28194283916621043
59,2018-01-02,2023-12-04,2023-12-05,2024-01-04,14910,210,0.0005342181461056177,0.023113159587248508,0.017713813641348306,-0.09714650279568371
60,2018-01-02,2024-01-04,2024-01-05,2024-02-05,15120,210,0.0003240427146203945,0.01800118647812956,0.014218876214050793,-0.0713163805077428
61,2018-01-02,2024-02-05,2024-02-06,2024-03-06,15330,210,0.000249154881337369,0.015784640678120264,0.012296733254853436,-0.2187100178039214
62,2018-01-02,2024-03-06,2024-03-07,2024-04-05,15540,210,0.00028049582544747726,0.016748009596590195,0.012735123362805488,-0.0009034219446324432
63,2018-01-02,2024-04-05,2024-04-08,2024-05-06,15750,210,0.0005363213485423726,0.023158612837179446,0.01899821444486062,-0.0001510326475560042
64,2018-01-02,2024-05-06,2024-05-07,2024-06-05,15960,210,0.0003538897045978624,0.018811956426641605,0.01543850351941325,-0.01368307207138808
65,2018-01-02,2024-06-05,2024-06-06,2024-07-08,16170,210,0.000303647487488227,0.017425483852341862,0.01295210562411943,-0.2086161532127977
66,2018-01-02,2024-07-08,2024-07-09,2024-08-06,16380,210,0.0009420224874019006,0.0306923848438322,0.024018039291148444,-0.029722975168723353
67,2018-01-02,2024-08-06,2024-08-07,2024-09-05,16590,210,0.0005590636918670471,0.023644527736181305,0.01889041520019668,-0.05205334473800893
68,2018-01-02,2024-09-05,2024-09-06,2024-10-04,16800,210,0.0004641793132767037,0.021544821031438243,0.016655488062289447,-0.15124548399623294
69,2018-01-02,2024-10-04,2024-10-07,2024-11-04,17010,210,0.0005279546828221051,0.0229772644764799,0.01676571773741431,-0.00269337679314563
70,2018-01-02,2024-11-04,2024-11-05,2024-12-04,17220,210,0.000481297960250922,0.021938504056815772,0.017323774057585825,0.017474949479797774
71,2018-01-02,2024-12-04,2024-12-05,2025-01-06,17430,210,0.00048521991464169225,0.022027707884428017,0.017660785284572753,-0.27891905166489117
72,2018-01-02,2025-01-06,2025-01-07,2025-02-06,17640,210,0.00037881217046798686,0.019463097658594504,0.014977595140581067,-0.3760398017963815
73,2018-01-02,2025-02-06,2025-02-07,2025-03-10,17850,210,0.0006282997400534921,0.025065907923980973,0.020236974515102125,-0.16325251935377083
74,2018-01-02,2025-03-10,2025-03-11,2025-04-08,18060,210,0.0023219113561703075,0.04818621541655152,0.034703826962089145,-0.05821714307888626
75,2018-01-02,2025-04-08,2025-04-09,2025-05-08,18270,210,0.0008848448022504557,0.02974634098927893,0.023926601575292916,-0.24137860154017732
76,2018-01-02,2025-05-08,2025-05-09,2025-06-09,18480,210,0.0002847532496398167,0.016874633318677376,0.013150956827502825,-0.06823753387311271
77,2018-01-02,2025-06-09,2025-06-10,2025-07-10,18690,210,0.00033836758052870313,0.018394770466866477,0.014146921440946016,0.0031072366648404737
78,2018-01-02,2025-07-10,2025-07-11,2025-08-08,18900,210,0.00029939287282548923,0.017302972947603232,0.013917476036668779,-0.02092175788895334
79,2018-01-02,2025-08-08,2025-08-11,2025-09-09,19110,210,0.000295955230140852,0.01720334938728072,0.013080910751571147,-0.30738763299559735
80,2018-01-02,2025-09-09,2025-09-10,2025-10-08,19320,210,0.0002596025552283511,0.01611218654399058,0.012919631476611156,-0.07000370457151428
81,2018-01-02,2025-10-08,2025-10-09,2025-11-06,19530,210,0.0004209368832046707,0.02051674640884053,0.015654209532807897,0.006213857457644467
82,2018-01-02,2025-11-06,2025-11-07,2025-12-08,19740,210,0.0004654761411329384,0.021574896086260495,0.017137645512484808,0.014817205699832692
83,2018-01-02,2025-12-08,2025-12-09,2026-01-08,19950,210,0.0003483661662358982,0.01866456981116624,0.014722046131630959,-0.15440705092548646
84,2018-01-02,2026-01-08,2026-01-09,2026-02-09,20160,210,0.0007159245466709964,0.026756766371723553,0.018802691091927497,0.10347400427903475
85,2018-01-02,2026-02-09,2026-02-10,2026-03-11,20370,210,0.0008042446510447939,0.028359207517926057,0.020565236929247083,-0.1227093239829915
86,2018-01-02,2026-03-11,2026-03-12,2026-04-10,20580,210,0.001388282430020401,0.037259662237068135,0.028467438870132696,-0.23248515254315416
87,2018-01-02,2026-04-10,2026-04-13,2026-05-11,20790,210,0.000543649330431827,0.02331628895068482,0.018176576702833423,-0.08561711257843929
88,2018-01-02,2026-05-11,2026-05-12,2026-06-10,21000,210,0.0008304001112815442,0.028816663777778723,0.022940873618950555,-0.016568905202833495
